"x","y","depth","PixelID","distance_to_coast"
-124.215,41.955,1,1,98.1822179998007
-124.215,41.945,1,2,492.685724054762
-124.225,41.935,12.357014503479,3,1638.83283952844
-124.375,41.835,13.5404329681396,4,11217.0541053295
-124.355,41.815,10.923058052063,5,8758.46530326443
-124.255,41.785,1,6,0
-124.295,41.775,20.8546208190918,7,3276.43637477433
-124.255,41.775,1.18360684967041,8,302.260340014126
-124.245,41.775,1.21655266978524,9,0
-124.245,41.765,1.25052738452845,10,308.124269728892
-124.235,41.765,1.0001021856847,11,190.461697464686
-124.245,41.755,11.9923795318604,12,630.601333073871
-124.235,41.755,2.0638127192329,13,979.452232310718
-124.225,41.755,2.28218406550089,14,184.8281484153
-124.215,41.755,1,15,0
-124.215,41.745,3.70394362449646,16,564.355291721784
-124.205,41.745,1.01048040387994,17,38.8367610067995
-124.145,41.705,1.12111827373505,18,74.2967049128237
-124.145,41.685,1,19,166.6308606204
-124.105,41.595,1,20,0
-124.105,41.585,1,21,438.377832203567
-124.125,41.575,17.7245666122436,22,1836.50037083893
-124.145,41.145,1,23,204.366112824982
-124.185,41.135,21.8250814437867,24,1681.99276192715
-124.165,41.125,1,25,273.064675532071
-124.185,41.105,16.004308013916,26,1798.69115467689
-124.165,41.105,1,27,246.895744477568
-124.165,41.095,5.27530891418457,28,385.12220406841
-124.175,41.065,16.2342693710327,29,978.30024521077
-124.165,41.065,8.46276798248291,30,471.380215621186
-124.155,41.065,1,31,130.359837037154
-124.165,41.055,7.88508090655009,32,449.218774138322
-124.155,41.055,8.27610948504824,33,130.189422942619
-124.145,41.055,3.00531440073624,34,112.050595450583
-124.135,41.055,1.06203009923796,35,0
-124.135,41.045,1.13473402491771,36,780.826354042109
-124.125,41.045,1,37,74.5299040608259
-124.125,41.035,1,38,522.390879344639
-124.395,40.505,4.76555582407862,39,649.83715683665
-124.425,40.445,13.5363586021214,40,1048.85823237158
-124.395,40.395,12.1939235687256,41,1193.89195779733
-124.385,40.395,1,42,592.832880469396
-124.375,40.355,14.7670728316027,43,957.349021661135
-124.365,40.345,1.06510230965913,44,171.145687716071
-124.365,40.335,1,45,516.137530353389
-124.355,40.335,1,46,0
-124.365,40.325,4.79928061523837,47,1117.25238609982
-124.355,40.325,5.33553504109382,48,287.146735625332
-124.365,40.315,16.8757142353058,49,1279.11922066571
-124.355,40.315,6.83860191345215,50,468.324311876916
-124.365,40.305,15.2468693351745,51,953.497016173078
-124.365,40.275,2.77759471893311,52,102.037582664673
-124.365,40.265,1,53,199.304765630472
-124.335,40.235,1,54,563.318322687297
-124.315,40.225,2.2834376613299,55,0
-124.245,40.175,1.81042145252228,56,398.275219653371
-124.225,40.165,1.69690853834152,57,174.107742031458
-124.215,40.165,1.76777358531952,58,0
-124.215,40.155,2.96914426871709,59,311.81437531298
-124.175,40.125,1.82731704801321,60,178.516669310029
-124.165,40.125,1.60146002173424,61,0
-124.155,40.125,1.17225599080324,62,0
-124.155,40.115,1,63,519.242900345059
-124.145,40.115,2.04273186640306,64,314.684810139227
-124.135,40.115,6.22202577800751,65,0
-124.125,40.115,5.52281477451325,66,0
-124.125,40.105,7.81293023688819,67,501.252460527185
-124.115,40.105,7.21987150609493,68,45.3869153069062
-124.155,40.095,2.8945448589325,69,2588.0253081258
-124.105,40.095,2.97525655388832,70,109.558453973281
-124.095,40.095,2.11839061975479,71,0
-124.095,40.085,2.18278713952411,72,62.912964052322
-124.085,40.075,1.58095039367676,73,0
-124.085,40.035,3.90311091423035,74,436.282016593231
-124.075,40.025,5.36146200259527,75,0
-124.065,40.025,1.00311036577592,76,24.0221506663301
-124.055,40.025,1.01716878175735,77,0
-124.075,40.015,7.45309597015382,78,771.556503455362
-124.065,40.015,2.96357816696167,79,705.289769762485
-124.045,40.015,1.32684278726578,80,257.827882643127
-124.035,40.015,1.78104141712189,81,0
-124.075,40.005,15.4968923950195,82,1778.84881384757
-124.035,40.005,1.84824917316437,83,471.226405651376
-124.025,40.005,1.68102469921112,84,0
-124.075,39.975,22.2634289600003,85,5067.54290509631
-124.065,39.975,21.9957410306064,86,4520.31438284734
-124.065,39.965,22.1967247467041,87,5153.50398829531
-123.985,39.965,1.21158297300339,88,57.0382581709069
-124.065,39.955,22.5494737243652,89,5850.79320910527
-123.975,39.955,1,90,0
-123.945,39.915,5.745077085495,91,202.063188681841
-123.935,39.915,2.11207000355972,92,0
-123.925,39.905,1,93,0
-123.875,39.845,1.74622266113758,94,0
-123.875,39.835,2.28115489006043,95,730.915117945573
-123.865,39.835,1.83958768665791,96,271.215017385067
-123.835,39.715,10.9588730725375,97,832.679247468809
-123.815,39.705,11.0576094055176,98,758.81419346923
-123.805,39.705,9.80981491088867,99,28.8616726720867
-123.815,39.695,13.5825831222534,100,1080.19583047937
-123.805,39.695,10.3092598948432,101,377.779711271859
-123.795,39.685,3.37152091741562,102,142.728217513232
-123.805,39.675,11.1942105865478,103,1097.3353831728
-123.805,39.665,12.3151796913147,104,1130.42815940981
-123.795,39.665,8.58665417187141,105,325.463371065745
-123.795,39.655,11.0975304660391,106,683.020492712072
-123.785,39.645,1,107,0
-123.795,39.635,12.6942449645996,108,719.823495200377
-123.795,39.625,13.3651290257772,109,677.834939222107
-123.795,39.605,10.883353746775,110,546.832609444202
-123.795,39.595,13.9748058598836,111,656.172359556623
-123.785,39.595,11.2456141811868,112,0
-123.785,39.585,11.1082310270166,113,407.930580289485
-123.785,39.575,11.4457412522456,114,585.903406047179
-123.775,39.565,3.93366329193115,115,378.038291075077
-123.815,39.495,14.7328303146362,116,1054.19582762525
-123.805,39.495,8.67945308623775,117,537.834740826953
-123.815,39.485,12.1173300438958,118,993.050030386649
-123.805,39.485,8.6482066145483,119,182.955611430887
-123.815,39.475,12.8169124930246,120,764.820181788263
-123.805,39.475,7.60798764419556,121,71.4400297870144
-123.815,39.455,7.5349969678455,122,187.516254438829
-123.825,39.445,11.9787290239334,123,760.746766986175
-123.815,39.445,8.23150234050706,124,0
-123.825,39.435,12.4696502349112,125,470.138237703596
-123.815,39.435,8.92653176667556,126,0
-123.825,39.425,12.0686370674798,127,557.376523737222
-123.815,39.425,7.02544684745593,128,0
-123.825,39.415,12.6408576735917,129,787.535059289363
-123.815,39.415,6.99700336207514,130,0
-123.825,39.405,11.3452561359242,131,290.303321781355
-123.825,39.395,11.5140382135099,132,415.138648853566
-123.825,39.385,12.250965921813,133,389.098324351998
-123.825,39.375,10.6330464466625,134,318.798731206479
-123.825,39.365,4.36428512342041,135,220.450958597463
-123.815,39.365,1,136,0
-123.835,39.355,16.866166267395,137,842.441366404984
-123.825,39.355,8.88472777691294,138,138.390478517358
-123.825,39.345,15.046757989291,139,46.8403806202951
-123.825,39.335,15.2814814316599,140,653.739279020696
-123.815,39.335,15.6099310098128,141,0
-123.815,39.325,14.5626632027942,142,431.07616944127
-123.805,39.325,11.4826259630698,143,4.89148767842712
-123.815,39.315,14.8241836988604,144,685.551709242504
-123.805,39.315,9.86217622924079,145,198.712452110893
-123.815,39.305,15.5285807742792,146,402.273479662587
-123.805,39.305,10.9157786664116,147,0
-123.795,39.305,1,148,0
-123.805,39.295,13.6912729803153,149,406.567903999854
-123.795,39.295,7.6973233123223,150,0
-123.805,39.285,12.9404670611033,151,225.530112064261
-123.805,39.275,14.4809428230643,152,287.690756170632
-123.795,39.275,5.66123985820372,153,0
-123.805,39.265,16.7504646568298,154,923.887185097908
-123.795,39.265,10.1409365432235,155,534.201468214081
-123.785,39.265,12.6770469517178,156,0
-123.795,39.255,15.8956848571414,157,671.785675555468
-123.785,39.255,12.7272745124687,158,0
-123.785,39.245,14.5614179651434,159,337.925628204421
-123.775,39.245,9.21654818252513,160,0
-123.785,39.235,11.9807942512982,161,502.009687491589
-123.775,39.235,5.65165914698081,162,0
-123.785,39.225,14.458619770813,163,624.619681620362
-123.775,39.225,10.3130546328515,164,0
-123.785,39.215,13.9070554937535,165,728.588346536039
-123.775,39.215,10.8020498132375,166,6.90483528342079
-123.785,39.205,14.6498597335815,167,1031.20820169497
-123.775,39.205,11.4366220909955,168,168.407555251402
-123.775,39.195,15.2901789876577,169,316.833722631335
-123.765,39.195,8.73122043693021,170,0
-123.765,39.185,12.088006437494,171,657.843645022665
-123.755,39.185,8.00493503986354,172,0
-123.755,39.175,11.9203534655108,173,178.717641997001
-123.745,39.175,7.19128180217743,174,0
-123.755,39.165,18.3133247893197,175,948.080732527896
-123.745,39.165,10.9522270138832,176,167.74333734534
-123.735,39.165,7.37745479583741,177,0
-123.745,39.155,12.5375662231445,178,560.964071057647
-123.735,39.155,7.50034749603272,179,0
-123.745,39.145,7.89706738869349,180,600.794542370117
-123.735,39.145,7.00551656912963,181,0
-123.725,39.145,1.38360281070074,182,0
-123.735,39.135,11.2047750475683,183,485.162026559584
-123.725,39.135,6.57036173468312,184,198.4462200778
-123.735,39.125,16.3728609848022,185,1316.36607534827
-123.725,39.125,10.4033284022574,186,502.850205798495
-123.715,39.125,1.28246057510376,187,0
-123.725,39.115,12.8031618393972,188,796.481422448499
-123.715,39.115,10.6193984089715,189,116.621231182566
-123.725,39.105,16.9843076858521,190,1031.53303824478
-123.715,39.105,13.2733042655541,191,289.228024745049
-123.705,39.105,1.13359107494354,192,0
-123.715,39.095,9.99364603276019,193,470.236727853612
-123.705,39.095,5.82256824425289,194,0
-123.715,39.085,12.680662119751,195,807.226877704038
-123.705,39.085,8.75254981176941,196,0
-123.715,39.075,15.8744084243774,197,970.283871095331
-123.705,39.075,10.5340355105789,198,180.407482535176
-123.705,39.065,11.628622565973,199,483.92661972353
-123.695,39.065,8.99162968509169,200,0
-123.705,39.055,15.8542908293826,201,793.638776042628
-123.695,39.055,9.53007756156497,202,0
-123.705,39.045,16.1314324391683,203,951.272286065221
-123.695,39.045,10.382616519928,204,151.718383028157
-123.695,39.035,8.29552200317383,205,161.613211188265
-123.755,38.965,14.3528739547729,206,1264.09409295361
-123.745,38.965,9.16683213424682,207,852.600194130042
-123.745,38.955,10.5740663257599,208,151.562688564832
-123.735,38.955,1.11746368567149,209,0
-123.745,38.945,12.2686720009508,210,777.074764516018
-123.735,38.945,11.9666677706411,211,57.2064758912395
-123.735,38.935,10.6946279198802,212,349.370148490405
-123.725,38.935,4.00355181336403,213,0
-123.735,38.925,11.2250453815598,214,432.807504208396
-123.745,38.915,16.7106757926941,215,1490.57545948062
-123.735,38.915,15.3683878768958,216,686.242492949312
-123.725,38.915,11.0046088671315,217,246.860097325768
-123.715,38.915,8.78907757500679,218,78.0151294248976
-123.715,38.905,11.9598012181784,219,637.018528611824
-123.705,38.905,6.70109920778824,220,0
-123.715,38.895,18.0917619030292,221,1255.16197883471
-123.705,38.895,11.0596764040495,222,662.774201926111
-123.695,38.895,6.19390167359716,223,179.623868361939
-123.685,38.895,1.35517680615187,224,0
-123.705,38.885,18.6486149960472,225,1543.06692992982
-123.695,38.885,12.9485626129962,226,868.596248676086
-123.685,38.885,6.87979745898997,227,246.780638944607
-123.695,38.875,17.32680206977,228,1442.85535097672
-123.685,38.875,12.9892200366243,229,808.089277810429
-123.675,38.875,10.9849006984836,230,398.624706096593
-123.665,38.875,7.449955096583,231,19.1510755376481
-123.685,38.865,18.6128083462185,232,1792.14909880811
-123.675,38.865,16.6541880052355,233,1297.55817374236
-123.665,38.865,12.0729200422601,234,785.691763448037
-123.655,38.865,4.93344178199768,235,48.3695640496569
-123.675,38.855,18.8567338562012,236,1891.04056689981
-123.665,38.855,12.205099392747,237,1036.21036888824
-123.655,38.855,9.7850936335763,238,171.600829402303
-123.665,38.845,14.0084610755557,239,1427.17889372742
-123.655,38.845,12.7901771008174,240,628.958908254122
-123.645,38.845,10.7447341384888,241,30.6775605609971
-123.635,38.845,2.94616176009178,242,0
-123.655,38.835,17.1690251255035,243,1215.59872427677
-123.645,38.835,14.3955780457531,244,720.32824371123
-123.635,38.835,9.45586641525126,245,352.617180108558
-123.625,38.835,7.20338527537012,246,0
-123.625,38.825,11.3065543513598,247,563.146408662732
-123.615,38.825,10.7675534364219,248,186.950292364844
-123.605,38.825,10.0434999847412,249,0
-123.615,38.815,15.8704874638149,250,1028.81501423689
-123.605,38.815,5.96871249361185,251,202.571594838587
-123.605,38.805,10.0610341575623,252,289.84772694783
-123.595,38.805,5.6794060680784,253,171.477238132561
-123.585,38.805,4.62922925517673,254,0
-123.575,38.805,5.35752316474915,255,0
-123.595,38.795,7.21334092698991,256,376.287255826079
-123.585,38.795,10.1160562109947,257,555.649642228183
-123.575,38.795,9.86772815194536,258,274.929311318603
-123.565,38.795,4.81004329571066,259,0
-123.565,38.785,11.9874729301649,260,120.273748903504
-123.555,38.785,6.63452670486488,261,0
-123.565,38.775,21.2488821792602,262,985.810413251576
-123.555,38.775,11.258315696038,263,673.882712697143
-123.545,38.775,8.36200964755813,264,210.023042437963
-123.535,38.775,1.94096625416175,265,0
-123.545,38.765,12.0671095506037,266,769.548900360973
-123.535,38.765,8.2098249051676,267,373.589644082819
-123.525,38.745,9.2899552154541,268,309.52584539768
-123.505,38.745,3.19957994461059,269,0
-123.515,38.735,12.268104531765,270,581.103283639238
-123.505,38.735,9.05394879698754,271,377.359176029651
-123.495,38.735,6.73110047366884,272,133.187970578967
-123.495,38.725,8.81680811517379,273,651.451707413929
-123.485,38.725,9.98367841263892,274,37.9185064349943
-123.475,38.725,7.47347356246364,275,0
-123.475,38.715,9.1791883191356,276,624.453366010071
-123.465,38.715,9.60057714759676,277,294.031659528133
-123.455,38.715,6.49748189178673,278,0
-123.455,38.705,10.5918094183732,279,119.20115386804
-123.445,38.705,9.24731554394961,280,0
-123.445,38.695,8.59282967018575,281,418.826426736155
-123.435,38.695,4.59743251757188,282,0
-123.435,38.685,12.5208538426293,283,241.567671381246
-123.435,38.675,14.0933472817212,284,325.585126049514
-123.425,38.675,11.6616492422916,285,19.1445218432555
-123.415,38.675,7.40011677135121,286,0
-123.425,38.665,17.2574680064275,287,708.70206277435
-123.415,38.665,10.5247868039657,288,0.111191673687405
-123.415,38.655,13.731059923733,289,362.063511086345
-123.405,38.655,10.6529907736486,290,0
-123.405,38.645,12.577997172147,291,172.317222167968
-123.395,38.645,9.03488266115922,292,0
-123.405,38.635,15.6953585993449,293,795.329076810412
-123.395,38.635,12.5128761606074,294,104.433516668641
-123.385,38.635,4.82830749140845,295,0
-123.395,38.625,15.0945559038435,296,648.305465066281
-123.385,38.625,13.7463395566848,297,39.3426929088996
-123.385,38.615,12.9395026652018,298,697.348944075913
-123.375,38.615,11.0232333939616,299,0
-123.365,38.615,8.21500008272088,300,0
-123.375,38.605,12.9322698402405,301,247.178181587051
-123.365,38.605,9.71886405637567,302,0
-123.365,38.595,12.4078576140457,303,437.565125742254
-123.355,38.595,11.5228978199418,304,221.292362084428
-123.345,38.595,9.07209122271955,305,0
-123.355,38.585,17.9469492340088,306,1021.82332769674
-123.345,38.585,12.310689274227,307,241.545536242132
-123.345,38.575,13.0303016266154,308,367.561245249573
-123.335,38.575,6.61756898244222,309,0
-123.345,38.565,15.7790534151517,310,769.210321441401
-123.335,38.565,10.4990519663882,311,76.1012639893578
-123.325,38.565,8.12070615310328,312,0
-123.325,38.555,12.5297651535425,313,535.344968825869
-123.315,38.555,13.7475215477943,314,235.409984519408
-123.305,38.555,9.27836862846486,315,61.9155302874716
-123.305,38.545,10.0420541520168,316,182.520528756944
-123.295,38.545,9.06584968848042,317,0
-123.285,38.545,3.60394158999125,318,0
-123.295,38.535,12.5363906385314,319,651.99247764547
-123.285,38.535,9.83877646177237,320,209.425018286392
-123.275,38.535,7.15969305545092,321,0
-123.275,38.525,10.5574592284753,322,508.125968313043
-123.265,38.525,7.90588392672254,323,0
-123.265,38.515,9.49726457383224,324,520.904841681569
-123.255,38.515,7.93105641575881,325,18.965371260771
-123.245,38.515,6.23431442129369,326,0
-123.255,38.505,9.85709950337285,327,604.163461619137
-123.245,38.505,10.6919053261208,328,550.021300574363
-123.235,38.505,5.46175394675989,329,76.1617648879031
-123.225,38.505,4.48201234537012,330,0
-123.235,38.495,10.7471365052682,331,846.082030965071
-123.225,38.495,9.23038223186459,332,443.055479864157
-123.215,38.495,5.16528284505097,333,313.656140348206
-123.205,38.495,5.61552342683619,334,19.0251101253688
-123.195,38.495,5.92062152862549,335,0
-123.215,38.485,10.5374785768868,336,1156.057181975
-123.205,38.485,10.5497045883766,337,884.81347303221
-123.195,38.485,5.92481657822927,338,455.860557902499
-123.175,38.475,7.39747676646709,339,236.791676490977
-123.165,38.475,2.30312423639827,340,0
-123.155,38.465,2.31047540038824,341,0
-123.145,38.465,1,342,0
-123.155,38.455,5.32135779857636,343,742.280971835585
-123.145,38.455,2.21443763422615,344,266.790844432757
-122.995,38.285,1.02862827181816,345,0
-122.985,38.225,6.816513671875,346,0
-122.985,38.215,8.36117246627808,347,363.812395906355
-122.855,38.015,5.15140830039978,348,57.2855711194115
-122.985,38.005,1,349,0
-122.845,38.005,6.7902991994222,350,464.618410102833
-122.835,38.005,6.32426250457764,351,0
-123.005,37.995,1,352,0
-122.985,37.995,1,353,0
-122.815,37.985,4.4230202600691,354,200.861676599484
-122.805,37.985,3.33055380096436,355,0
-122.785,37.945,2.92112556934357,356,350.047166478674
-122.775,37.945,2.17693234370679,357,0
-122.765,37.935,3.11265179977861,358,173.8210324437
-122.755,37.935,5.78198944611983,359,19.1777055315472
-122.745,37.925,5.85558723449707,360,432.843218102303
-122.735,37.915,1.92467193126678,361,330.02994414163
-122.695,37.905,1,362,0
-122.685,37.905,1.04670885562897,363,0
-122.695,37.895,1.77608116327548,364,414.722183660889
-122.695,37.885,5.4858702518629,365,1134.54011121992
-122.525,37.525,4.96459098339081,366,619.557021679649
-122.525,37.515,8.52858979701996,367,970.773981525616
-122.515,37.515,6.33350031614304,368,179.498817047743
-122.515,37.505,7.68296003473216,369,784.179093820312
-122.505,37.495,6.95293565750123,370,433.790003822069
-122.495,37.495,5.57219526290894,371,0
-122.495,37.485,6.42798492064843,372,851.201462134188
-122.485,37.475,9.13076885011461,373,2038.00786033895
-122.475,37.475,8.56416866048177,374,2098.03367339041
-122.475,37.465,9.34874472141266,375,2466.84434059148
-122.375,37.165,10.1105194438499,376,962.213784478569
-122.355,37.125,12.5989507693025,377,1532.01400938387
-122.355,37.115,12.4674277133378,378,1550.29636669108
-122.345,37.115,10.9559440698703,379,723.13123056786
-122.325,37.115,4.03408400411198,380,0
-122.315,37.115,8.05060161440782,381,123.606830311634
-122.305,37.115,8.11202223940232,382,0
-122.335,37.105,9.24841810264675,383,245.385564623782
-122.325,37.105,8.19936441823182,384,864.333816471463
-122.315,37.105,11.5227258252721,385,1235.17662970498
-122.305,37.105,9.66761209330732,386,845.195415324169
-122.295,37.105,9.44362183557998,387,308.080066215701
-122.325,37.095,12.3275710293185,388,1631.24081055648
-122.295,37.095,9.93591616203621,389,1112.19600753548
-122.285,37.095,9.58079673285576,390,405.699257786092
-122.275,37.085,1,391,209.878361244393
-122.265,37.065,14.2138943147217,392,674.945754734051
-122.255,37.055,11.9499219108478,393,483.774179369351
-122.245,37.045,11.2350485273403,394,615.103960436005
-122.235,37.045,8.79437778636496,395,0
-122.235,37.035,11.4143530152429,396,595.49149788227
-122.225,37.025,1.30322057684597,397,111.661293049575
-122.215,37.025,2.85726928848619,398,0
-122.205,37.015,6.11976064715307,399,0
-122.205,37.005,8.78312280024504,400,825.926436690842
-122.175,36.985,10.4282429178612,401,612.687881494808
-122.165,36.985,9.05463533339719,402,269.96432759005
-122.155,36.985,10.8820639439289,403,0
-122.155,36.975,8.55257133520981,404,173.578500237917
-122.145,36.975,7.51216299100427,405,158.171731291462
-122.135,36.975,5.5144521544058,406,0
-121.955,36.975,2.33807047479972,407,0
-121.945,36.975,4.03512635293069,408,0
-122.145,36.965,9.66588578562677,409,767.311638869
-122.135,36.965,8.66378105129531,410,187.130892403297
-122.125,36.965,6.78865793353282,411,39.4397410925778
-122.115,36.965,5.8099630023032,412,0
-122.015,36.965,4.29012893914709,413,0
-122.005,36.965,4.96372558560253,414,0
-121.965,36.965,2.70866799256159,415,0
-121.955,36.965,5.16878677389569,416,293.231080197169
-121.945,36.965,6.10365561403053,417,806.982487376994
-122.125,36.955,10.6641820933495,418,916.381630024403
-122.115,36.955,9.11949801042058,419,506.502596068558
-122.105,36.955,8.68906531300821,420,61.6855709665339
-122.095,36.955,7.84608520644945,421,0
-122.085,36.955,6.00203752613712,422,0
-122.045,36.955,3.40024150725076,423,0
-122.035,36.955,4.48536154893672,424,0
-122.025,36.955,4.83120188244318,425,0
-122.005,36.955,8.38060668329239,426,771.53466271435
-121.995,36.955,7.2720339986379,427,377.762780480554
-121.985,36.955,5.59554357280005,428,366.324262297149
-121.975,36.955,5.51759078959596,429,0
-121.965,36.955,6.55280530925948,430,347.131175336487
-121.955,36.955,7.20363444145891,431,964.66885871177
-122.095,36.945,10.6026102377063,432,952.897481374198
-122.085,36.945,9.47452203816382,433,717.24450545259
-122.075,36.945,7.10963127117514,434,468.966863300466
-122.065,36.945,6.81630790853467,435,308.647131440687
-122.055,36.945,6.7635449882718,436,402.734913806249
-122.045,36.945,5.17734332683894,437,467.03040264231
-122.035,36.945,7.78211915974757,438,611.682737843512
-122.025,36.945,7.56814095719839,439,515.650819951319
-121.975,36.945,9.89105157822766,440,901.396591779476
-121.945,36.645,16.1787605634014,441,774.972667626328
-121.935,36.645,13.7972946167483,442,591.560776678497
-121.925,36.645,15.1225957089181,443,897.103686587451
-121.945,36.635,14.0914997024156,444,279.433649705537
-121.935,36.635,6.76534635968855,445,0
-121.925,36.635,9.20399358209752,446,0
-121.915,36.635,11.3710704285858,447,429.035702518841
-121.955,36.625,15.2141417294094,448,1095.12388891994
-121.945,36.625,9.70200095987455,449,255.656175145329
-121.935,36.625,3.54968863335029,450,0
-121.925,36.625,3.71863624234876,451,0
-121.915,36.625,9.84138231353563,452,0
-121.905,36.625,9.98366588007377,453,283.210225060676
-121.895,36.625,12.9790248739479,454,844.230259053328
-121.965,36.615,14.4844755073561,455,948.022039890251
-121.955,36.615,10.3766553851908,456,587.101518625953
-121.945,36.615,8.30513889179685,457,19.1308632042147
-121.905,36.615,6.16068291232873,458,0
-121.895,36.615,8.30870394884937,459,249.99304242687
-121.875,36.615,13.6679792904706,460,1109.69231851055
-121.865,36.615,13.505415273032,461,432.350074337603
-121.975,36.605,20.1229831303702,462,1326.7664511852
-121.965,36.605,15.6199240279855,463,502.896536428331
-121.885,36.605,11.1102688393663,464,381.006979692025
-121.875,36.605,11.1380022893422,465,187.112014719765
-121.975,36.595,19.0574275746957,466,909.30034135854
-121.965,36.595,13.4661479731876,467,184.134471093588
-121.985,36.585,17.6418655949538,468,829.261922988792
-121.975,36.585,12.1258706938123,469,105.125158175445
-121.965,36.585,8.72924325710128,470,0
-121.985,36.575,20.2668387366588,471,736.322162836152
-121.975,36.575,15.4705410009785,472,79.0779549667757
-121.975,36.565,21.308071763617,473,560.836044598935
-121.965,36.565,17.2693545906531,474,206.125922881042
-121.955,36.565,15.1511963396775,475,0
-121.945,36.565,7.96479152505411,476,0
-121.935,36.565,6.0907787937437,477,0
-121.975,36.555,25.6441421345861,478,1562.41748738966
-121.965,36.555,21.2751864197665,479,1071.13241900043
-121.955,36.555,18.7643705344973,480,594.99333308352
-121.945,36.555,16.6092769147502,481,608.463434402381
-121.935,36.555,11.0438802658186,482,368.400733783363
-121.945,36.545,20.5617401810516,483,984.761310880201
-121.935,36.545,13.9300770337225,484,116.744817539831
-121.935,36.535,15.4199085918623,485,454.362613950943
-121.925,36.535,8.9382637391542,486,0
-121.955,36.525,19.2729676355712,487,96.2849261732236
-121.945,36.525,22.0469849169829,488,148.992299237691
-121.935,36.525,20.281809196164,489,51.0216404972963
-121.925,36.525,13.7644696933164,490,0
-121.965,36.515,21.7901698632959,491,967.910385290897
-121.955,36.515,18.0096105058359,492,263.813501809992
-121.945,36.515,16.5639632409449,493,0
-121.945,36.505,18.7903537340645,494,58.2102750748017
-121.945,36.495,17.6470559208787,495,174.094992516727
-121.955,36.485,19.0939503079405,496,887.878386765313
-121.945,36.485,18.6984803790747,497,246.803461418308
-121.945,36.475,18.4433047531557,498,543.507488521706
-121.935,36.475,15.3909631745813,499,0
-121.945,36.465,22.8591671401719,500,970.527681554452
-121.935,36.465,19.6656700279616,501,281.896647054761
-121.925,36.465,8.96650616166954,502,0
-121.935,36.455,18.7644914562851,503,299.442976065929
-121.925,36.455,12.0444367690474,504,0
-121.935,36.445,17.7106200165163,505,507.446454084863
-121.925,36.445,19.644431245447,506,0
-121.935,36.435,23.0290668872801,507,1063.18487256732
-121.925,36.435,18.0160290778195,508,309.996929997851
-121.935,36.425,27.4745990783661,509,1461.00021611296
-121.925,36.425,21.3315335368128,510,764.409876987823
-121.915,36.425,8.2600549949903,511,49.7894657278195
-121.925,36.415,19.6652589776015,512,527.075594578035
-121.915,36.415,19.5018574341704,513,0
-121.915,36.405,21.1385621779181,514,0
-121.915,36.395,25.3310141825578,515,511.57856067378
-121.905,36.395,14.4394435181228,516,0
-121.915,36.385,25.3753271503718,517,910.573059786578
-121.905,36.385,13.7735662367648,518,80.6053423358809
-121.915,36.375,19.6256073154656,519,610.008373919281
-121.905,36.375,17.4838849554849,520,0
-121.915,36.365,19.1322119814426,521,889.072071164504
-121.905,36.365,10.7810505064883,522,115.405137091595
-121.905,36.355,17.357778231875,523,0
-121.905,36.345,20.6839624680058,524,575.824916069078
-121.895,36.345,7.71268901965913,525,0
-121.905,36.335,23.2416552057183,526,953.922831133455
-121.895,36.335,11.6512710871331,527,135.573961820951
-121.905,36.325,19.6314588904876,528,752.848154049982
-121.895,36.325,8.59786615632322,529,0.179239534666692
-121.905,36.315,14.2586210287008,530,767.804607860537
-121.895,36.315,8.99297396939114,531,0
-121.905,36.305,17.079903859212,532,176.038661015594
-121.895,36.305,9.16463960316815,533,0
-121.885,36.305,1.94963507894624,534,0
-121.905,36.295,24.9180439208938,535,932.210261891649
-121.895,36.295,17.3240974983414,536,837.011393356839
-121.885,36.295,7.54139253875128,537,184.906135434644
-121.875,36.295,4.62241226673062,538,0
-121.905,36.285,26.8652310542874,539,1954.25130531828
-121.895,36.285,18.8947477418046,540,1531.52866332726
-121.885,36.285,12.784549751056,541,954.368811282715
-121.875,36.285,10.1856270688065,542,398.402465925799
-121.865,36.285,7.56868187178567,543,0
-121.895,36.275,20.0063343587714,544,2355.25773424121
-121.885,36.275,18.3261185906823,545,1813.14274943607
-121.875,36.275,17.7622573579309,546,1227.72177068379
-121.865,36.275,12.9824150552118,547,590.76394502227
-121.855,36.275,6.94269869601087,548,336.391662246379
-121.845,36.275,3.25801767095848,549,0
-121.875,36.265,26.8525410487592,550,2016.97986474371
-121.865,36.265,22.0798104656751,551,1636.96727856996
-121.855,36.265,16.2521365640346,552,975.677885527151
-121.845,36.265,9.8186438712212,553,199.109534262759
-121.855,36.255,21.2840754706248,554,1465.97030491865
-121.845,36.255,11.8109960461089,555,687.991361645181
-121.835,36.255,5.66189791076677,556,0
-121.835,36.245,8.39324384419852,557,304.653310663499
-121.825,36.245,7.57373760965649,558,0
-121.825,36.235,7.02151600971275,559,607.726299331754
-121.815,36.235,10.3616945608871,560,0
-121.805,36.235,9.24761090305957,561,0
-121.795,36.235,8.25773992284929,562,0
-121.805,36.225,16.8782673427572,563,808.8952924426
-121.795,36.225,12.867326829932,564,643.202079076253
-121.785,36.225,12.516492329328,565,308.243026634141
-121.775,36.225,7.57707411733928,566,0
-121.765,36.225,4.49619383636766,567,0
-121.785,36.215,27.9542267853529,568,1282.78612488717
-121.775,36.215,9.44268958905155,569,853.657277646755
-121.765,36.215,10.69235724009,570,272.418881836971
-121.755,36.215,8.31459638617947,571,0
-121.755,36.205,13.1443810962991,572,609.223676344687
-121.745,36.205,13.4135225169726,573,371.631779988821
-121.735,36.205,19.3115481774804,574,0
-121.735,36.195,24.0546913911805,575,714.689979816062
-121.725,36.195,20.4883946092936,576,346.369934452133
-121.715,36.195,7.82223482446914,577,0
-121.715,36.185,13.0067796221023,578,501.180317680667
-121.705,36.185,12.0457549841795,579,0
-121.705,36.175,15.6483403726745,580,491.799224489297
-121.695,36.175,16.9967770056983,581,0
-121.695,36.165,22.1728121815995,582,652.512058147948
-121.685,36.165,19.7931442710138,583,184.475369998787
-121.675,36.165,12.9606124557677,584,0
-121.675,36.155,17.4828120327336,585,209.689015775923
-121.665,36.155,14.9498997030649,586,0
-121.665,36.145,18.9005653311151,587,304.407832091355
-121.655,36.145,12.7799861323916,588,0
-121.665,36.135,25.4805592174332,589,1053.10612760106
-121.655,36.135,15.755764622597,590,334.091915504361
-121.645,36.135,4.72352882269974,591,0
-121.655,36.125,20.8420434434831,592,869.33255248514
-121.645,36.125,13.0797152929745,593,174.110147291257
-121.635,36.125,9.92689248552179,594,0
-121.645,36.115,21.1924225177762,595,1059.34118209158
-121.635,36.115,11.5207023648985,596,174.723442214159
-121.635,36.105,14.8393436192,597,699.208815112573
-121.625,36.105,13.5588432437526,598,0
-121.625,36.095,16.2318072970568,599,243.329833001095
-121.625,36.085,18.9711970526332,600,539.317577596252
-121.615,36.085,16.5318248089503,601,0
-121.615,36.075,19.836061994778,602,408.883253912879
-121.605,36.075,9.79572137455334,603,0
-121.605,36.065,17.3413575081203,604,480.466576511848
-121.595,36.065,10.3085981786624,605,89.3752072681648
-121.595,36.055,8.64642748411961,606,185.57574517228
-121.595,36.045,15.6267317450122,607,466.514704304936
-121.585,36.045,13.2534500063155,608,0
-121.585,36.035,17.0258339811894,609,321.073892129718
-121.575,36.035,5.74344503210997,610,0
-121.585,36.025,20.1170831921833,611,840.895915288231
-121.575,36.025,10.3292706140046,612,0
-121.575,36.015,17.0953501931048,613,775.159899278386
-121.565,36.015,14.117766766915,614,476.31899138373
-121.555,36.015,15.1336661963057,615,466.379812768332
-121.545,36.015,9.0003890222248,616,207.041477006501
-121.535,36.015,8.8282913838883,617,0
-121.525,36.015,6.79574349180861,618,0
-121.565,36.005,23.9023274259035,619,1556.26161371129
-121.555,36.005,22.2715726918406,620,1505.84502343053
-121.525,36.005,7.24122746573884,621,407.98010600749
-121.515,36.005,6.80494893992993,622,199.871155327898
-121.505,36.005,4.84703487122277,623,0
-121.505,35.995,9.41543962760648,624,395.978475667519
-121.495,35.995,2.68702597717748,625,0
-121.505,35.985,13.6959985780319,626,853.136447187392
-121.495,35.985,7.66714735163319,627,135.900438425893
-121.495,35.975,9.41165041500367,628,494.275421351759
-121.485,35.975,6.08704745165321,629,0
-121.495,35.965,16.7061951654118,630,829.105861549213
-121.485,35.965,10.9854904327338,631,0
-121.495,35.955,22.3479820493607,632,1024.26328557434
-121.485,35.955,13.2622426260805,633,139.430327098087
-121.485,35.945,15.3835443963196,634,352.859146905094
-121.475,35.945,3.81838494863379,635,0
-121.485,35.935,15.3678312262627,636,701.917425513209
-121.475,35.935,3.95718378478791,637,0
-121.485,35.925,22.7749702787607,638,974.634022737194
-121.475,35.925,7.22278311744028,639,238.174979085507
-121.485,35.915,24.6001367983223,640,1007.20609391055
-121.475,35.915,11.8506686148651,641,125.304687368695
-121.465,35.915,1,642,0
-121.485,35.905,25.3055670262268,643,1353.09399741851
-121.475,35.905,10.8504909703931,644,732.509828082046
-121.465,35.905,1.92948794435738,645,58.1700243191364
-121.475,35.895,18.0137991258417,646,1050.5447474244
-121.465,35.895,4.65218133447193,647,227.397964538923
-121.465,35.885,7.58363940639064,648,100.090211606371
-121.455,35.885,8.85958004345266,649,0
-121.455,35.875,9.22343375154976,650,428.047443533652
-121.445,35.875,5.47491868610332,651,0
-121.455,35.865,20.7526266224122,652,972.876482137491
-121.445,35.865,16.3217226085668,653,462.988457720099
-121.435,35.865,13.9227320878987,654,25.0335081551518
-121.425,35.865,2.81260019174639,655,0
-121.435,35.855,21.0680349744465,656,912.552851801423
-121.425,35.855,10.161495142546,657,465.874862798814
-121.415,35.855,4.89920838124853,658,19.5656655324508
-121.415,35.845,11.4120689310204,659,534.21659632727
-121.405,35.845,9.15410855055714,660,0
-121.415,35.835,20.5933442197664,661,1161.40256067863
-121.405,35.835,14.2092603606388,662,429.357019274929
-121.395,35.835,9.37938367621064,663,0
-121.395,35.825,15.8914638608076,664,331.023361546052
-121.385,35.825,7.2304343167589,665,0
-121.395,35.815,21.1729395122538,666,1092.45376768298
-121.385,35.815,12.9235110219709,667,525.032650773121
-121.375,35.815,7.02521962893317,668,19.250337108374
-121.385,35.805,20.2078989451273,669,1202.54653319055
-121.375,35.805,13.362976846737,670,695.79385313171
-121.365,35.805,8.9551665411486,671,355.654271056344
-121.355,35.805,5.23978358648417,672,0
-121.355,35.795,6.07660852683127,673,433.847933699551
-121.345,35.795,11.9059587865945,674,0
-121.345,35.785,10.6433439468274,675,564.707768702448
-121.335,35.785,5.53874842697757,676,0
-121.345,35.775,21.5346613947907,677,1185.16128365614
-121.335,35.775,1,678,467.326275225769
-121.335,35.765,3.29692359856012,679,853.701773251148
-121.325,35.765,1.41782013761739,680,0
-121.325,35.755,5.97246632746168,681,154.417926664746
-121.325,35.745,11.3232168966968,682,630.713972078803
-121.315,35.745,1,683,0
-121.325,35.735,15.0698034465703,684,749.137666489336
-121.315,35.735,5.59215501537193,685,0
-121.325,35.725,14.456536887815,686,621.586535687091
-121.325,35.715,14.7530354733381,687,929.349421466292
-121.315,35.715,5.68851399029097,688,37.4743056443729
-121.325,35.705,18.1546680831873,689,1250.88562256528
-121.315,35.705,9.05366740702295,690,566.555841742852
-121.305,35.705,4.42333167310533,691,0
-121.315,35.695,15.7512596262913,692,1263.93507049543
-121.305,35.695,7.55226161729792,693,618.409282528774
-121.295,35.695,3.61224629029593,694,50.533651612709
-121.315,35.685,17.469082952119,695,2046.78732245813
-121.305,35.685,13.3884446165991,696,1390.59494680372
-121.295,35.685,7.91584460914319,697,507.595034475002
-121.295,35.675,7.71697669574069,698,663.432871223457
-121.285,35.675,3.10227390031222,699,0
-121.285,35.665,12.0374785212737,700,0
-121.275,35.665,10.1135285834463,701,9.01427876733671
-121.265,35.665,7.91436637165381,702,0
-121.255,35.665,5.59796582166493,703,0
-121.275,35.655,14.7812606348856,704,1091.45857768375
-121.265,35.655,13.8071808129009,705,853.636295266224
-121.255,35.655,10.4699326845417,706,361.037052457856
-121.245,35.655,6.55329113247078,707,0
-121.235,35.655,1.56972286895613,708,0
-121.225,35.655,1.50779509450715,709,0
-121.255,35.645,18.1609112697815,710,1220.78494936477
-121.245,35.645,13.2826361979892,711,769.995777980411
-121.235,35.645,11.4372629089565,712,741.337278696876
-121.225,35.645,10.4661941372563,713,695.007286412421
-121.215,35.645,8.73924697962755,714,359.450124204917
-121.205,35.645,1.74133701535082,715,0
-121.185,35.645,4.37651667564996,716,0
-121.235,35.635,19.7280667528351,717,1825.41058568478
-121.225,35.635,15.8758975609799,718,1612.43894183673
-121.215,35.635,13.0628454792659,719,891.395888168884
-121.205,35.635,10.3712518666308,720,449.727137033391
-121.195,35.635,9.4420025232341,721,0
-121.185,35.635,7.88020421149744,722,678.256537982707
-121.175,35.635,7.02922305765205,723,445.856812221397
-121.165,35.635,7.50443005617114,724,0
-121.235,35.625,30,725,2926.74223749917
-121.225,35.625,19.1213937416641,726,2323.93271466751
-121.195,35.625,14.0496828879899,727,987.619076365803
-121.165,35.625,9.07018356824631,728,473.09502298581
-121.155,35.625,5.68019320744737,729,0
-121.165,35.615,13.8499453805596,730,989.959561455222
-121.155,35.615,9.89256423712437,731,292.2045983986
-121.145,35.615,5.19253912819642,732,0
-121.155,35.605,13.0926181034187,733,1014.39704867071
-121.145,35.605,9.16050702336871,734,192.945630429092
-121.135,35.605,2.03683690504272,735,0
-121.145,35.595,13.126473112909,736,982.460268049395
-121.135,35.595,9.31089287513793,737,503.403159442268
-121.125,35.595,7.98639409474982,738,0
-121.135,35.585,13.5918390331137,739,1083.16488727674
-121.125,35.585,10.0040064956784,740,217.57863346365
-121.135,35.575,16.9144151893603,741,1392.95163491653
-121.125,35.575,12.4567568648887,742,717.297884820035
-121.115,35.575,8.00848582787632,743,107.699316325214
-121.125,35.565,13.6931857324673,744,1280.92736237182
-121.115,35.565,11.3665291746339,745,442.757712850338
-121.115,35.555,13.314355829233,746,930.115010806521
-121.105,35.555,8.80010730388296,747,99.3522961803542
-121.115,35.545,18.9156980246224,748,1237.05082841409
-121.105,35.545,13.4090454184807,749,506.392564832518
-121.095,35.545,7.16667729822824,750,0
-121.115,35.535,24.750589863938,751,1872.75822940516
-121.105,35.535,18.8366420878384,752,1226.11386769799
-121.095,35.535,13.7285884875781,753,511.105715822559
-121.085,35.535,6.85091823316971,754,0
-121.095,35.525,15.7687526439257,755,1265.69706835091
-121.085,35.525,13.4343250688132,756,635.880252272556
-121.075,35.525,11.5252706063912,757,0
-121.075,35.515,14.5856241788029,758,618.306107084391
-121.065,35.515,8.98420235355384,759,0
-121.075,35.505,20.8994438033897,760,1352.51652367309
-121.065,35.505,14.3653397704977,761,666.768840314054
-121.055,35.505,10.523730148125,762,240.655815916885
-121.065,35.495,20.9076486457733,763,1593.33059272473
-121.055,35.495,14.636113760809,764,920.611950059209
-121.045,35.495,9.89833210503643,765,206.250616538937
-121.055,35.485,19.6614898716545,766,1595.0270804293
-121.045,35.485,15.8502078225399,767,835.707561914666
-121.035,35.485,13.1858341920307,768,413.606019557014
-121.025,35.485,6.77726697899838,769,0
-121.045,35.475,21.055727295601,770,1710.56121843435
-121.035,35.475,16.9169234870728,771,1132.27754166782
-121.025,35.475,12.2629077792007,772,469.377817735235
-121.015,35.475,7.7844691581419,773,0
-121.025,35.465,16.5707332068236,774,1145.02857811954
-121.015,35.465,12.9273456667329,775,473.916020765823
-121.005,35.465,9.96184341984881,776,0
-120.995,35.465,3.90214437051282,777,0
-120.985,35.465,3.95946561181973,778,0
-121.015,35.455,18.4574702634256,779,1108.48331552548
-121.005,35.455,13.1801540030485,780,590.950226601226
-120.995,35.455,11.4790948400024,781,604.127095367139
-120.985,35.455,9.57935407829965,782,537.474425731623
-120.975,35.455,9.4413009222869,783,415.0152123353
-120.965,35.455,7.80266002673915,784,109.667428873108
-120.955,35.455,3.27873857874053,785,0
-120.975,35.445,15.8652992545664,786,1500.00387643208
-120.965,35.445,13.437082036626,787,909.652255668553
-120.955,35.445,9.59756694638358,788,337.261487694111
-120.945,35.445,6.89195424623483,789,63.0844144000981
-120.935,35.445,4.86953390587049,790,215.584889992623
-120.925,35.445,5.27599219404742,791,193.218311201451
-120.915,35.445,6.22325877983474,792,342.688081291345
-120.905,35.445,5.06021867996505,793,118.904378062534
-120.955,35.435,14.7879726132424,794,1190.12166321653
-120.945,35.435,13.5273588081591,795,1000.91879012896
-120.935,35.435,11.4472270367182,796,1198.75254320721
-120.925,35.435,13.3293850837764,797,1262.05710086541
-120.915,35.435,9.2078561682671,798,1360.66129559214
-120.905,35.435,8.40191647534511,799,920.574668081134
-120.895,35.435,6.43439918893729,800,277.715112845358
-120.885,35.415,7.2745480872451,801,772.802197836367
-120.905,35.275,11.4541304994029,802,730.368043538463
-120.895,35.275,8.00503086519504,803,51.9692842046003
-120.905,35.255,10.1797591442,804,438.298701592656
-120.895,35.255,2.5793907514244,805,0
-120.905,35.245,16.0522753739737,806,646.43678458599
-120.895,35.245,10.7439208077816,807,0
-120.895,35.235,14.1557944775717,808,646.871639775856
-120.885,35.235,10.7026239405537,809,0
-120.885,35.225,15.5771901084536,810,791.083371237552
-120.875,35.225,10.0650537473006,811,111.377914834842
-120.875,35.215,11.749624487911,812,234.551911139658
-120.865,35.215,11.5654275128815,813,223.99869360532
-120.855,35.215,4.97581060966827,814,0
-120.855,35.205,12.4875488350262,815,44.8027030193727
-120.845,35.205,10.1983416426539,816,0
-120.845,35.195,12.8061366289102,817,592.188579710843
-120.835,35.195,11.0700754980294,818,179.365159128723
-120.825,35.195,7.29549536795355,819,0
-120.835,35.185,16.3044032629629,820,1145.17070867415
-120.825,35.185,11.5764177370281,821,730.259398705103
-120.815,35.185,9.60141221497289,822,352.979965080988
-120.805,35.185,7.46759147884227,823,0
-120.795,35.185,2.54327232738764,824,0
-120.825,35.175,15.6038179192058,825,1673.81435477307
-120.815,35.175,12.2910823393146,826,1268.65973207882
-120.805,35.175,10.8486106168921,827,858.892601258816
-120.795,35.175,7.01257595192615,828,358.416213317817
-120.785,35.175,6.42853949568539,829,25.7007842764244
-120.755,35.175,6.32750972747803,830,0
-120.745,35.175,6.88370118643108,831,227.523174507484
-120.735,35.175,6.88087329268456,832,334.300213200386
-120.725,35.175,8.63234697249201,833,0
-120.715,35.175,8.47917546919727,834,69.3098282035372
-120.705,35.175,5.86659697918665,835,0
-120.695,35.175,3.73270374536514,836,0
-120.795,35.165,15.4399019069909,837,1352.58125838038
-120.785,35.165,7.1461247869315,838,588.409723353301
-120.775,35.165,7.08156938193437,839,106.025773927871
-120.765,35.165,4.23400796103,840,0
-120.755,35.165,1,841,105.731541208841
-120.725,35.165,12.1612762345208,842,1023.24000980109
-120.715,35.165,10.6506130454516,843,951.876003839927
-120.705,35.165,9.75206015012922,844,786.043410155752
-120.695,35.165,7.29467641131979,845,191.669355132385
-120.685,35.165,4.92131519317627,846,0
-120.765,35.155,5.99130178684022,847,605.273728508314
-120.715,35.155,12.6745948791504,848,2050.33095260901
-120.705,35.155,12.2797651290894,849,1601.87433644001
-120.695,35.155,9.51009716131748,850,876.076494189946
-120.685,35.155,7.62773634872074,851,334.223776247719
-120.675,35.155,7.29949539298311,852,0
-120.665,35.155,6.64088520917807,853,0
-120.655,35.155,7.20480251312256,854,0
-120.685,35.145,11.8542717524937,855,1210.08306772812
-120.675,35.145,10.9468459178662,856,670.920728520396
-120.665,35.145,9.36424244712381,857,725.726680632472
-120.655,35.145,5.85709824732372,858,349.843708958367
-120.635,34.745,8.53514532248179,859,406.866041389471
-120.635,34.735,11.6671765822809,860,817.0074571042
-120.625,34.735,10.1651253604249,861,221.949324041232
-120.615,34.735,8.13361585140228,862,0
-120.625,34.725,13.4540864229202,863,966.326315284815
-120.615,34.725,7.55046033859253,864,155.478329407861
-120.615,34.715,10.0903701782227,865,615.568419400616
-120.735,34.615,30,866,8488.80798354452
-120.615,34.555,3.34532708871016,867,0
-120.605,34.555,3.91912632335509,868,162.320674049158
-120.595,34.555,3.036555551281,869,221.962071724835
-120.585,34.555,3,870,137.66385374619
-120.615,34.545,8.15069251962169,871,886.855996069545
-120.605,34.545,10.6487568445421,872,1108.65008353948
-120.595,34.545,10.884875153632,873,1277.92641678336
-120.575,34.545,13.8073487926619,874,793.566151776092
-120.565,34.545,10.9914623892692,875,157.032717442742
-120.555,34.545,7.86757446365751,876,0
-120.575,34.535,15.3984933745248,877,1577.79125764137
-120.565,34.535,12.554278001371,878,1057.80161259145
-120.555,34.535,5.50150310863609,879,591.230417795019
-120.545,34.535,3.21013180028457,880,563.923585729583
-120.535,34.535,4.62170914436091,881,101.034663782259
-120.525,34.535,4.37334176632809,882,0
-120.535,34.525,14.5546123256735,883,1006.24390977629
-120.525,34.525,13.0689595820672,884,513.923535705977
-120.515,34.525,6.87131966940868,885,22.5971593451876
-120.525,34.515,17.5299034836384,886,1347.83345087513
-120.515,34.515,12.2427163553862,887,707.853317919187
-120.505,34.515,9.19138977893533,888,0
-120.515,34.505,20.2733225343049,889,1277.03299275617
-120.505,34.505,12.9901719887162,890,436.03618587338
-120.505,34.495,17.8183526286595,891,739.85553374592
-120.495,34.495,7.38639491067826,892,0
-120.505,34.485,20.4240950708642,893,1322.53368015916
-120.495,34.485,13.6073702101513,894,570.914887182676
-120.485,34.485,7.6658544030984,895,0
-120.495,34.475,18.0064520862689,896,1344.30380836906
-120.485,34.475,10.0889081724807,897,721.620810706379
-120.295,34.475,2.1820360816185,898,0
-120.225,34.475,1.79122008799611,899,0
-120.165,34.475,2.20709495716352,900,0
-120.155,34.475,2.97986901227021,901,0
-120.145,34.475,5.63227509143418,902,0
-120.135,34.475,5.33186976721187,903,0
-120.125,34.475,3.2651601350128,904,0
-120.685,34.465,30,905,11250.0290118695
-120.485,34.465,13.613972057978,906,999.179428890537
-120.475,34.465,9.81181534548519,907,101.730753718915
-120.335,34.465,3.1965617615687,908,0
-120.325,34.465,5.8975794214675,909,0
-120.315,34.465,8.17747861057893,910,35.39198512899
-120.305,34.465,8.8221891245939,911,119.790994854488
-120.295,34.465,8.15561073980451,912,550.456894775275
-120.285,34.465,7.27831517274985,913,411.037472465741
-120.275,34.465,4.43765565089914,914,241.87877240097
-120.265,34.465,3.43287229995925,915,288.740054797588
-120.255,34.465,11.3783738432152,916,233.934674901072
-120.245,34.465,11.8511997050989,917,325.464211923969
-120.235,34.465,2.39284123722158,918,437.028076836598
-120.225,34.465,2.34290169456826,919,612.657403950486
-120.205,34.465,6.67159075575821,920,590.265178580718
-120.195,34.465,2.14268760938177,921,565.204496999295
-120.185,34.465,6.10324648928872,922,505.507007981938
-120.165,34.465,4.81701519990945,923,567.612766584339
-120.155,34.465,7.21205249655494,924,768.376102333099
-120.135,34.465,10.7922004794329,925,842.916659608678
-120.125,34.465,10.0374232919555,926,665.226127325931
-120.115,34.465,7.80824085055454,927,358.366048465606
-120.105,34.465,7.40826790980145,928,0
-120.095,34.465,3.36898364230886,929,0
-120.075,34.465,2.5650471864123,930,0
-120.065,34.465,4.24180240604312,931,0
-120.055,34.465,3.17797148609189,932,0
-120.045,34.465,5.18330109568133,933,0
-120.035,34.465,4.72402237673415,934,0
-120.485,34.455,15.8690465250161,935,1048.01308024773
-120.475,34.455,11.1873923080213,936,141.754846075885
-120.445,34.455,3.2794481451294,937,0
-120.435,34.455,2.60294129921723,938,0
-120.415,34.455,2.75719854051379,939,0
-120.405,34.455,7.43499604085667,940,0
-120.395,34.455,8.04389592223147,941,18.6252144855097
-120.385,34.455,8.58035086363697,942,61.5915760924595
-120.375,34.455,9.70824269588324,943,154.255757143551
-120.365,34.455,11.146078074366,944,191.543512827145
-120.355,34.455,10.1964054103413,945,314.410444704983
-120.345,34.455,4.97662866948725,946,186.504974914931
-120.335,34.455,8.63619385340261,947,528.070547793438
-120.325,34.455,13.2300162897263,948,836.06468951532
-120.315,34.455,14.1507120139646,949,1031.30813604007
-120.255,34.455,12.6862883097259,950,1332.84363829703
-120.095,34.455,7.23672068629482,951,650.924442614433
-120.085,34.455,6.85184956854604,952,563.504722869508
-120.075,34.455,4.60163602941366,953,572.796287745031
-120.065,34.455,6.79704783673747,954,770.861639465248
-120.055,34.455,6.75554608263142,955,661.09221541349
-120.045,34.455,8.7924499019908,956,773.347724740354
-120.025,34.455,4.1624561605423,957,335.123126983391
-120.015,34.455,10.9753359023196,958,665.33490445581
-120.005,34.455,5.11146079492358,959,379.388768099268
-120.465,34.445,5.68738559976183,960,277.966034310315
-120.455,34.445,6.36294088583322,961,0
-120.445,34.445,7.13735222055909,962,444.724338438584
-120.435,34.445,8.72597429230009,963,649.186713036173
-120.425,34.445,10.4010024213583,964,462.918489405345
-120.415,34.445,10.5164779486654,965,734.949318995647
-120.405,34.445,11.2410834069485,966,1037.41611532112
-120.395,34.445,13.2193829163096,967,1108.83518521009
-120.385,34.445,15.1240887347892,968,1147.5125666459
-120.375,34.445,16.3828925617794,969,1256.9409628895
-120.365,34.445,17.8758263083221,970,1259.22206769765
-120.355,34.445,17.7270860431173,971,1319.46806107715
-119.995,34.445,8.00128210575873,972,704.274027084792
-119.985,34.445,3.82558132356905,973,540.925366759573
-119.975,34.445,6.28607317401885,974,96.0695818005962
-119.965,34.445,4.03605777693394,975,0
-120.415,34.435,20.191626713862,976,1706.3664625051
-120.405,34.435,19.4894436782016,977,2127.19004886875
-120.395,34.435,18.5475156677123,978,2203.60296467411
-120.385,34.435,17.8528199418576,979,2253.73844663678
-120.375,34.435,19.0970730303527,980,2355.70701221988
-120.365,34.435,20.4095506766078,981,2356.71610556504
-119.965,34.435,9.38368729404358,982,471.772937171575
-119.955,34.435,8.9215016915907,983,0.110973381988041
-119.945,34.435,7.5059946898758,984,33.6248520838126
-119.935,34.435,5.14018959359483,985,61.5900834616244
-119.925,34.435,6.714375823108,986,0
-119.915,34.435,5.51907751915492,987,0
-119.955,34.425,13.1652485277094,988,1067.795529351
-119.945,34.425,13.6311425584875,989,1107.32575436257
-119.935,34.425,13.1517174370404,990,1144.89742895781
-119.925,34.425,10.1268146269354,991,851.097346110872
-119.915,34.425,8.86586676482752,992,401.766641279297
-119.905,34.425,7.97995498146994,993,0
-119.895,34.425,2.66474802443431,994,0
-119.905,34.415,12.1172174497299,995,731.979015281713
-119.895,34.415,8.52992175529783,996,526.685117432581
-119.825,34.415,5.0646440211421,997,275.208133724527
-119.815,34.415,5.03837487508066,998,187.208039477345
-119.805,34.415,5.21251174346619,999,205.104147347561
-119.795,34.415,5.59475385620249,1000,317.639800944296
-119.785,34.415,7.20215319650586,1001,120.197168898825
-119.775,34.415,7.1066572789314,1002,0
-119.655,34.415,5.85313817483534,1003,162.444733482664
-119.645,34.415,8.15951588688595,1004,221.524638953794
-119.635,34.415,9.33410859862296,1005,156.226526915051
-119.625,34.415,5.32403227349557,1006,428.765979790533
-119.615,34.415,4.47438270416828,1007,617.62550260007
-119.605,34.415,5.96773671063364,1008,503.721967648945
-119.595,34.415,6.50213414037753,1009,356.301036526691
-119.585,34.415,7.53073307322286,1010,40.0239261940567
-119.575,34.415,5.41801942067783,1011,0
-119.565,34.415,4.53645770958274,1012,19.874134808337
-119.885,34.405,8.54963137351749,1013,577.96994283871
-119.875,34.405,8.38917480437844,1014,257.168973435914
-119.865,34.405,7.27560816552027,1015,420.473116661769
-119.855,34.405,7.63374532661167,1016,377.759573101148
-119.845,34.405,6.48507419898698,1017,0
-119.835,34.405,11.4005236236566,1018,723.532914185944
-119.825,34.405,10.4467393908142,1019,1276.92082617937
-119.785,34.405,10.011726672833,1020,1160.89728455622
-119.775,34.405,8.79945095610402,1021,688.554531834243
-119.765,34.405,8.93557114342282,1022,409.605867564379
-119.755,34.405,5.84143269003317,1023,30.7398687916453
-119.745,34.405,6.14285259362042,1024,0
-119.645,34.405,11.957335112194,1025,1288.00177077722
-119.585,34.405,9.59420365342239,1026,982.53824229904
-119.575,34.405,7.66762149863471,1027,806.172857458892
-120.125,34.395,13.1020673509238,1028,7807.17131484531
-119.745,34.395,7.66302621855666,1029,794.060593072028
-119.735,34.395,5.36633799961916,1030,329.94853007101
-119.725,34.395,5.10285731453735,1031,40.0275418741944
-119.715,34.395,5.62992330129897,1032,66.8838425334892
-119.705,34.395,4.68290457891592,1033,136.797052770803
-119.695,34.395,6.76344796235031,1034,775.303772612019
-119.565,34.395,10.8675550787775,1035,1907.73998782047
-119.555,34.395,9.86644932299221,1036,1248.75465420801
-119.545,34.395,7.96407655217308,1037,609.726526971109
-119.535,34.395,6.11926717356592,1038,124.063036544271
-119.525,34.395,6.55175475388783,1039,0
-119.545,34.385,9.77040121623219,1040,1439.73503056583
-119.535,34.385,9.06261683507064,1041,1188.01408278132
-119.525,34.385,6.22450152399926,1042,739.712600089106
-119.505,34.385,6.9844882551717,1043,0
-119.485,34.375,7.42841376741424,1044,410.455975326627
-119.485,34.365,10.9789899263545,1045,1083.86409928326
-119.475,34.365,10.9764919035639,1046,881.19126752585
-119.445,34.355,8.85221329488974,1047,153.037031905897
-119.435,34.355,7.14532152506112,1048,58.8172341421576
-119.435,34.345,7.6776427557275,1049,1005.79873958534
-119.425,34.345,6.2748386022076,1050,235.981217623937
-119.635,34.335,12.266329740249,1051,8940.05195396281
-119.625,34.335,12.266329740249,1052,9015.38513117676
-119.615,34.335,12.9887359803225,1053,9180.88413310574
-119.605,34.335,12.9154958815289,1054,8938.1576578077
-119.565,34.335,12.0338322857849,1055,7264.49856084066
-119.555,34.335,11.1351802521211,1056,6861.72006232888
-119.545,34.335,10.8583809494144,1057,6424.27989973628
-119.425,34.335,7.6219405232871,1058,989.039466036107
-119.415,34.335,4.52957007931389,1059,395.23639867822
-119.405,34.335,2.8754616444605,1060,0
-119.375,34.315,3.96576845409936,1061,620.248258276469
-119.365,34.315,3.64517238170857,1062,98.4599792119684
-119.365,34.305,4.13462040398351,1063,754.544726365321
-119.355,34.305,4.71903569205917,1064,260.879996324481
-119.345,34.295,4.65699876475701,1065,275.280675931441
-119.585,34.285,13.796502502895,1066,13044.9686636588
-119.345,34.285,5.69833903278596,1067,889.390476235155
-119.415,34.185,5.92550230109746,1068,13639.3001220853
-119.465,34.175,7.8331519978643,1069,15901.6010123213
-119.215,34.145,2.42204967736849,1070,61.7946489851454
-119.405,34.125,10.1526185097361,1071,12228.3353151947
-119.275,34.115,28.5510040387212,1072,6450.51122937063
-120.515,34.105,20.8192644320422,1073,8651.5819841535
-120.365,34.075,9.40980000568724,1074,40.6584404352294
-119.925,34.075,16.9605376608573,1075,395.869978212077
-119.915,34.075,13.8994417613698,1076,0
-119.905,34.075,15.2872072851288,1077,0
-119.895,34.075,14.2982582150567,1078,40.117406193278
-119.885,34.075,13.3396914501174,1079,0
-120.455,34.065,21.8934394388452,1080,1556.92846178662
-120.445,34.065,17.7835797261085,1081,949.069602279127
-120.435,34.065,20.0520002336642,1082,963.807818473806
-120.425,34.065,18.4322484391878,1083,933.82075144815
-120.415,34.065,15.3831222669816,1084,709.223238358645
-120.395,34.065,19.6828492621616,1085,1222.72523223343
-120.385,34.065,15.807964428133,1086,545.931980474656
-120.365,34.065,6.4843375483761,1087,0
-120.355,34.065,9.39380284948387,1088,259.946167848777
-119.935,34.065,15.7768645557604,1089,726.63838982671
-119.925,34.065,15.0451813114733,1090,337.67190491672
-119.855,34.065,6.17368144928714,1091,0
-119.845,34.065,13.3983878601538,1092,0
-119.825,34.065,9.0021497927243,1093,599.176966906586
-118.995,34.065,8.33915816855083,1094,61.6773507126459
-118.985,34.065,6.53112985644936,1095,0
-120.455,34.055,14.0722950969838,1096,1248.09358637706
-120.445,34.055,15.4612274060254,1097,341.082181682878
-120.435,34.055,12.936343010459,1098,56.3934077685906
-120.425,34.055,13.5348561077155,1099,443.352997886508
-120.415,34.055,9.44949905377791,1100,0
-120.405,34.055,14.4696717015191,1101,262.552809749577
-120.395,34.055,12.7519489724445,1102,339.811055384607
-120.385,34.055,13.3877441559592,1103,0
-120.365,34.055,4.1862205237966,1104,0
-120.355,34.055,9.52595635920827,1105,307.787000310181
-120.345,34.055,10.8576168926084,1106,762.592713320215
-120.335,34.055,10.7852135279222,1107,191.983666051323
-119.935,34.055,11.4097262080113,1108,630.617133971712
-119.925,34.055,10.2760687948072,1109,154.080893780636
-119.915,34.055,10.1931795440608,1110,200.201405029505
-119.905,34.055,8.83095654378928,1111,0
-119.825,34.055,14.1185803503848,1112,0
-119.815,34.055,15.1379899475729,1113,120.448586088838
-119.805,34.055,5.45584226881881,1114,153.074428993961
-119.795,34.055,3.84592517152597,1115,0
-119.785,34.055,11.3322456255421,1116,0
-119.775,34.055,6.91921763679654,1117,0
-119.765,34.055,6.13781002960326,1118,0
-119.755,34.055,18.7471465978576,1119,0
-119.745,34.055,14.5923039638259,1120,298.731998043821
-119.585,34.055,9.35833625787286,1121,144.699703211659
-119.575,34.055,7.67376558470224,1122,240.52369027053
-119.565,34.055,10.5829706723755,1123,0
-119.555,34.055,9.28462838161736,1124,315.491514839303
-118.995,34.055,12.9050169981439,1125,1055.32490422157
-118.985,34.055,8.94955248786318,1126,671.50299210348
-118.975,34.055,6.22427410809578,1127,360.477112181649
-118.965,34.055,5.01996849585152,1128,0
-120.475,34.045,24.0247503742709,1129,2074.18937748341
-120.465,34.045,15.5780915961302,1130,1246.94475142672
-120.455,34.045,12.3373188285079,1131,714.829002010848
-120.445,34.045,13.0220324447509,1132,739.887103789796
-120.435,34.045,10.6491847831575,1133,178.036085702831
-120.425,34.045,6.14093714183389,1134,0
-120.355,34.045,8.97978727956218,1135,0
-120.345,34.045,7.7997932009484,1136,0
-120.335,34.045,6.84056478003276,1137,0
-120.325,34.045,7.35557763640064,1138,60.3453901750775
-120.315,34.045,6.75546674935034,1139,508.048379946472
-120.225,34.045,19.3531184445418,1140,3786.03664449798
-120.215,34.045,20.6620626734856,1141,3833.94865204165
-120.165,34.045,20.4482131317317,1142,2739.96035464579
-120.065,34.045,13.3097134393794,1143,930.033643440392
-120.055,34.045,12.3237606082455,1144,680.047534425336
-120.045,34.045,8.86830324108893,1145,874.091957270261
-119.915,34.045,17.438171362027,1146,1111.54898332011
-119.905,34.045,13.6614730990792,1147,687.315802827905
-119.895,34.045,10.4747730689341,1148,133.501842528525
-119.885,34.045,7.43402345029331,1149,0
-119.735,34.045,10.9846524043129,1150,0
-119.725,34.045,11.878418229823,1151,0
-119.715,34.045,11.3678922663909,1152,40.0119906601885
-119.705,34.045,16.3112664999916,1153,589.202631851448
-119.605,34.045,2.00052038186984,1154,341.315853621456
-119.585,34.045,3.92885267622869,1155,0
-119.555,34.045,7.4150677731119,1156,0
-118.975,34.045,15.4718720722634,1157,1242.11375874142
-118.965,34.045,10.1933132122071,1158,772.087172428963
-118.955,34.045,8.49860982319164,1159,305.561810062611
-118.945,34.045,8.54865735022009,1160,39.5765582112468
-118.935,34.045,7.55208765024183,1161,0
-118.925,34.045,9.03322421011883,1162,89.1912165052564
-118.915,34.045,6.63775299153754,1163,0
-120.465,34.035,13.3223662970649,1164,1092.28133657137
-120.455,34.035,6.44112933104985,1165,247.745931575037
-120.445,34.035,2.63923921944687,1166,0
-120.415,34.035,6.89993599278657,1167,0
-120.405,34.035,8.14746884702933,1168,0
-120.315,34.035,6.93205317229467,1169,0
-120.245,34.035,16.2852404347411,1170,2810.63996751679
-120.235,34.035,15.9956950479926,1171,2729.25602274449
-120.225,34.035,16.1375314502074,1172,2677.0972746246
-120.215,34.035,18.6146003731733,1173,2744.7601433101
-120.195,34.035,20.3342368943343,1174,2845.15176427778
-120.175,34.035,18.9388525317929,1175,2569.97171628584
-120.165,34.035,17.9402126528381,1176,1935.99940224646
-120.155,34.035,14.2768607711358,1177,1307.60125848491
-120.145,34.035,10.786772799553,1178,990.807423685693
-120.135,34.035,9.25479584052298,1179,944.748855584535
-120.125,34.035,16.046723755186,1180,1215.94300700426
-120.115,34.035,13.0469309401272,1181,1296.82275818273
-120.105,34.035,12.9097966909433,1182,1504.88337430879
-120.075,34.035,6.53689574446959,1183,745.061651961026
-120.065,34.035,10.2074384913565,1184,133.369110572343
-120.055,34.035,9.07505571790093,1185,0
-120.045,34.035,6.91540210068992,1186,0
-120.035,34.035,8.63765242360965,1187,685.273379762176
-119.885,34.035,9.47696757856285,1188,200.418130520862
-119.875,34.035,4.84752452097045,1189,0
-119.705,34.035,12.9314833726735,1190,0
-119.525,34.035,8.97011736169291,1191,0
-119.515,34.035,12.9856822213978,1192,470.583386028564
-118.925,34.035,13.8336926819157,1193,1075.6713156791
-118.915,34.035,10.1128667848068,1194,739.719398268143
-118.905,34.035,10.4546180889922,1195,697.122479865888
-118.895,34.035,9.28050387083525,1196,462.756789735425
-118.885,34.035,9.22460218749125,1197,363.514818145198
-118.875,34.035,7.73457893007733,1198,279.336521970129
-118.865,34.035,9.12688549501471,1199,19.7457603642029
-118.855,34.035,7.65183508259949,1200,0
-118.745,34.035,5.95436610319203,1201,0
-118.735,34.035,6.36219333304236,1202,0
-118.725,34.035,5.60863871984662,1203,0
-118.715,34.035,4.37637636936792,1204,0
-118.685,34.035,2.88930976240345,1205,0
-118.675,34.035,3.51141169488843,1206,251.141366993114
-118.645,34.035,7.84627116929791,1207,308.043988694607
-118.635,34.035,6.68518690967601,1208,40.0656229325924
-118.605,34.035,6.11759350172056,1209,329.387004215235
-118.595,34.035,6.61518047520299,1210,429.320076859912
-118.585,34.035,5.38430910243865,1211,308.043853342896
-118.575,34.035,5.09329765046515,1212,468.825170784774
-120.465,34.025,12.9357250509863,1213,1063.04678183331
-120.455,34.025,13.3377327379976,1214,277.775366076124
-120.445,34.025,9.63863145709064,1215,280.309010720383
-120.435,34.025,11.3387535237489,1216,361.228241633928
-120.425,34.025,14.3920573981666,1217,118.186247517939
-120.415,34.025,10.64494932844,1218,512.245735566653
-120.405,34.025,9.39022122833037,1219,590.125615796955
-120.395,34.025,11.4185401201624,1220,198.716834200718
-120.385,34.025,13.0423633700486,1221,31.0924655290435
-120.375,34.025,5.46233741713397,1222,0
-120.305,34.025,7.99468116794676,1223,251.846899213571
-120.245,34.025,15.1772555822191,1224,1742.905574979
-120.235,34.025,12.7671154064181,1225,1652.97377160569
-120.225,34.025,13.1929439117049,1226,1568.6416868822
-120.215,34.025,13.9030213623712,1227,1674.77039852994
-120.205,34.025,15.1130801278499,1228,1910.31838564081
-120.195,34.025,18.1949299869896,1229,1821.10443467704
-120.185,34.025,17.845370222815,1230,1599.4977245902
-120.175,34.025,16.3606144927717,1231,1774.30535791418
-120.165,34.025,14.6664178375018,1232,1136.2737014701
-120.155,34.025,10.7513933489355,1233,609.614060400799
-120.145,34.025,7.23359424375152,1234,40.0413283801423
-120.135,34.025,5.29502851678586,1235,0
-120.125,34.025,11.6128328617326,1236,184.991029755378
-120.115,34.025,10.5310247144638,1237,324.919364739301
-120.105,34.025,10.4102180381952,1238,396.111230748924
-120.095,34.025,8.54504564141794,1239,433.28157377027
-120.085,34.025,9.11879736973999,1240,301.938581770362
-120.075,34.025,8.62196323439882,1241,22.3380894601084
-120.065,34.025,1.81568043668484,1242,0
-120.045,34.025,7.48161439273947,1243,0
-120.035,34.025,12.0821473602422,1244,751.923458998596
-119.685,34.025,10.9383657756757,1245,308.101977393501
-119.545,34.025,1.23030785716501,1246,0
-119.535,34.025,5.3416410353479,1247,0
-119.525,34.025,6.34393304619893,1248,295.610747519914
-118.785,34.025,5.05907110691912,1249,0
-118.775,34.025,6.89656930767888,1250,0
-118.765,34.025,7.64504407451249,1251,0.757913283383057
-118.755,34.025,7.22777877934823,1252,157.56719439247
-118.745,34.025,8.33808317571463,1253,741.186963644849
-118.725,34.025,7.29631824300627,1254,678.089592645187
-118.715,34.025,5.26360458238047,1255,658.066024744188
-118.705,34.025,6.52227262807141,1256,493.175799370115
-118.695,34.025,7.27871385608905,1257,782.643810397495
-118.685,34.025,5.45993658856944,1258,629.549629919842
-118.675,34.025,5.09999179161734,1259,820.382579407911
-120.385,34.015,17.4150779730225,1260,880.004366679638
-120.375,34.015,13.7718155242735,1261,337.763181309854
-120.365,34.015,11.4455025160522,1262,0
-120.355,34.015,7.91208188734942,1263,200.588829020847
-120.345,34.015,11.2394714771587,1264,529.366094369206
-120.335,34.015,11.5241679053678,1265,558.596050312711
-120.325,34.015,10.6908050224799,1266,471.228452620906
-120.315,34.015,11.5653569428844,1267,443.839428678538
-120.305,34.015,9.2203112507849,1268,533.894648063588
-120.295,34.015,11.4719844247902,1269,1221.39756117776
-120.255,34.015,18.1003207172238,1270,1344.88298289582
-120.245,34.015,15.5915720232783,1271,754.828878021116
-120.235,34.015,10.0894465877318,1272,593.463673306378
-120.225,34.015,8.66955262497826,1273,464.061530167584
-120.215,34.015,9.08828079459409,1274,631.074314567673
-120.205,34.015,10.7934915854663,1275,923.089024633977
-120.195,34.015,9.40356237515276,1276,877.215801276781
-120.185,34.015,9.42912774692523,1277,490.672982847897
-120.175,34.015,10.9407096275943,1278,774.506440727829
-120.165,34.015,9.50628352956992,1279,391.51858604704
-120.155,34.015,6.40988498940635,1280,0
-120.045,34.015,6.81615294499383,1281,387.388189869288
-120.035,34.015,11.1423400104107,1282,1254.10197972588
-119.895,34.015,10.130268533384,1283,829.456232750803
-119.885,34.015,9.09023953877731,1284,205.609468495927
-119.665,34.015,2.7125154042875,1285,0
-119.645,34.015,6.82647150522693,1286,0
-119.635,34.015,7.79979614539725,1287,122.933829668129
-119.625,34.015,6.1988426296724,1288,0
-119.615,34.015,4.74829521977516,1289,0
-119.545,34.015,6.50228778100894,1290,0
-119.535,34.015,14.5676341767775,1291,663.683467755764
-119.445,34.015,13.6021676329653,1292,78.8593080169488
-119.435,34.015,11.5394693275165,1293,0.110923941782383
-119.425,34.015,9.00129724261067,1294,0
-119.415,34.015,5.00224619090948,1295,315.693633468702
-119.385,34.015,6.03553146407844,1296,443.33541825511
-119.375,34.015,6.33192193074126,1297,131.978135212639
-119.365,34.015,6.5343320065256,1298,0
-119.355,34.015,7.92369548879513,1299,138.168726626083
-118.795,34.015,4.16165573052439,1300,0
-118.785,34.015,7.83336889782058,1301,453.459271589389
-118.775,34.015,9.60021740686684,1302,907.684246390473
-118.765,34.015,10.9680282134779,1303,1097.83983277922
-120.365,34.005,20.2333899082448,1304,987.350591590565
-120.355,34.005,18.6265622938434,1305,1036.11033396534
-120.345,34.005,19.2807451782343,1306,1634.82041542825
-120.335,34.005,23.761008963067,1307,1662.84727303278
-120.255,34.005,11.4032139888613,1308,467.212050127307
-120.245,34.005,9.42465231405594,1309,0
-120.235,34.005,5.65103804988196,1310,0
-120.215,34.005,3.12017604095465,1311,0
-120.205,34.005,4.41370983138427,1312,0
-120.195,34.005,4.54431141001729,1313,0
-120.185,34.005,4.54886072419752,1314,0
-120.175,34.005,3.82817652713161,1315,0
-120.045,34.005,6.98486138882971,1316,142.103290085377
-120.035,34.005,8.84768445564584,1317,1053.70867726957
-119.895,34.005,11.1875003346366,1318,676.884854109578
-119.885,34.005,8.75724590517364,1319,0
-119.555,34.005,3.06805127540981,1320,0
-119.545,34.005,8.43720329588784,1321,231.03974478854
-119.535,34.005,15.6949136076332,1322,1139.89057172649
-119.435,34.005,12.8628919852812,1323,493.053985094785
-119.425,34.005,11.7156116548135,1324,177.408740083952
-119.415,34.005,12.4446099179278,1325,105.714970791517
-119.405,34.005,11.5299996747818,1326,0
-119.395,34.005,9.53605566392987,1327,0
-119.385,34.005,6.95326861181338,1328,125.688919566856
-119.375,34.005,7.29718859680274,1329,674.926235720807
-118.805,34.005,5.64299202015519,1330,0
-118.795,34.005,6.0002675695417,1331,186.819013297398
-118.785,34.005,11.0319767538437,1332,888.656504778002
-120.255,33.995,14.2069860805146,1333,725.626049024235
-120.245,33.995,9.08781457336964,1334,258.209749215824
-120.235,33.995,5.69409469703814,1335,0
-120.225,33.995,2.31430272183236,1336,0
-120.045,33.995,5.45609533866688,1337,0
-120.035,33.995,8.58673898832916,1338,298.528035132553
-120.025,33.995,8.72358155619338,1339,711.453558892144
-119.895,33.995,13.8056155501245,1340,1084.93982514539
-119.885,33.995,10.342104735047,1341,284.099607769303
-119.585,33.995,5.97371461593876,1342,0
-119.575,33.995,9.74587970102319,1343,125.684797013461
-119.565,33.995,9.9754875504121,1344,44.4631592036646
-119.555,33.995,7.95344530546511,1345,247.884892238635
-119.545,33.995,13.9140313046991,1346,923.013388148658
-119.535,33.995,19.5937981219817,1347,1598.7720887475
-119.415,33.995,23.2305660318092,1348,1115.42218741758
-119.405,33.995,20.9445019897248,1349,1033.25500882985
-118.805,33.995,7.93947170289822,1350,623.945795176946
-120.255,33.985,24.0994914001321,1351,1519.44010700397
-120.245,33.985,19.9380820682747,1352,1135.18013296661
-120.235,33.985,13.6032391559727,1353,722.811553865581
-120.225,33.985,6.52093482892591,1354,308.468601039827
-120.025,33.985,7.91811595506138,1355,0
-120.015,33.985,7.24351995205954,1356,93.5695250384209
-120.005,33.985,11.9317333811359,1357,493.59376513591
-119.885,33.985,8.37968820801627,1358,709.38896398459
-119.875,33.985,6.59355018095492,1359,0
-119.665,33.985,7.31269426660882,1360,0
-119.655,33.985,5.86816884934356,1361,196.553821670188
-119.645,33.985,7.26555663256119,1362,274.950894660814
-119.635,33.985,7.12623383271331,1363,208.455116697569
-119.625,33.985,8.89412072139416,1364,324.875899213328
-119.615,33.985,9.84397933422852,1365,185.015629224886
-119.605,33.985,10.9777639147742,1366,339.492316870344
-119.595,33.985,8.5530174910363,1367,287.604796568349
-119.585,33.985,12.9251153171229,1368,691.696626021533
-119.575,33.985,17.2014356868422,1369,1059.0744853331
-119.565,33.985,19.1545029632258,1370,1116.4694125932
-119.555,33.985,17.5770943138155,1371,1268.45134308103
-119.545,33.985,19.0880000267393,1372,1655.12975199707
-119.535,33.985,21.3730505583987,1373,2307.39927733504
-120.235,33.975,19.7825874065674,1374,1408.6233008592
-120.225,33.975,10.4212323391793,1375,552.338273661496
-120.215,33.975,4.0601032217187,1376,135.513898162449
-120.205,33.975,1.28457840960914,1377,0
-119.975,33.975,7.23863511396099,1378,471.306325796235
-119.875,33.975,8.42312066591706,1379,517.824814545384
-119.865,33.975,8.98118369325984,1380,351.430089837973
-119.855,33.975,7.30642479805153,1381,0
-119.695,33.975,12.5210874125295,1382,0
-119.685,33.975,9.12099237878722,1383,16.2489558261626
-119.675,33.975,8.05035798609256,1384,302.070463244971
-119.665,33.975,17.2812372712941,1385,781.378451916652
-120.235,33.965,24.0779080534993,1386,1983.98671374046
-120.225,33.965,18.409638399239,1387,1499.10539442177
-120.215,33.965,10.1080410477703,1388,670.257314466729
-120.205,33.965,5.45765528482315,1389,0
-119.975,33.965,5.55049862494574,1390,297.554613572249
-119.855,33.965,8.51438643637818,1391,472.807846900066
-119.845,33.965,11.2288234272091,1392,344.816463236796
-119.835,33.965,16.7282191419767,1393,480.974007717076
-119.815,33.965,6.27577025148676,1394,0
-119.805,33.965,10.2182584594882,1395,0
-119.785,33.965,7.86449884806218,1396,0
-119.775,33.965,7.63524138153674,1397,0
-119.765,33.965,8.11434934224029,1398,0
-119.755,33.965,8.19866393271396,1399,0
-119.745,33.965,9.43007803168271,1400,0
-119.735,33.965,8.40281391787378,1401,0
-119.725,33.965,5.37680953579566,1402,0
-119.715,33.965,12.93248199889,1403,0
-119.705,33.965,9.81839617282855,1404,333.359154355551
-119.695,33.965,13.9596568379522,1405,397.228779146625
-120.225,33.955,23.2132290202138,1406,1976.06508444801
-120.215,33.955,16.9372250330304,1407,1192.14790123961
-120.205,33.955,10.0946993683742,1408,368.010327378352
-120.195,33.955,3.33158841683089,1409,0
-119.975,33.955,5.26287358672413,1410,0
-119.965,33.955,9.60670345210575,1411,607.28553238187
-119.845,33.955,17.8754448814626,1412,1398.75373233086
-119.835,33.955,22.6375321362946,1413,876.680351068151
-119.825,33.955,10.7903995585497,1414,337.408713929275
-119.815,33.955,13.4173816617063,1415,580.199147268794
-119.805,33.955,16.5169615893327,1416,879.308185578747
-119.785,33.955,9.22807258544828,1417,432.913873819932
-119.775,33.955,8.88258098930092,1418,564.158437581306
-119.765,33.955,15.0915500553186,1419,474.847946533569
-119.755,33.955,16.8858664037308,1420,502.460616459964
-119.745,33.955,17.1948999950988,1421,837.092839751561
-119.725,33.955,10.7886653601371,1422,545.360455916593
-119.715,33.955,15.305244507724,1423,612.413715333074
-120.215,33.945,20.8681989858985,1424,1662.74096199315
-120.205,33.945,15.5652671059882,1425,911.133949904175
-120.195,33.945,10.3569508666073,1426,320.6304622923
-119.995,33.945,8.75744582009171,1427,0
-119.985,33.945,9.40354487415819,1428,0
-119.975,33.945,6.31626807917623,1429,0
-119.965,33.945,9.39533206586248,1430,304.912264545762
-119.825,33.945,12.978328621761,1431,493.584421502824
-119.815,33.945,18.4523238756449,1432,966.661060010651
-120.215,33.935,23.1294256770999,1433,2353.00386406276
-120.205,33.935,19.2654965608589,1434,1564.64345565777
-120.195,33.935,14.2426023816695,1435,769.208395647972
-120.185,33.935,7.86569526208227,1436,179.071357666328
-120.025,33.935,6.14755941001394,1437,0
-120.015,33.935,10.2398730159143,1438,212.95186727989
-120.005,33.935,7.28843158681651,1439,449.847104449065
-119.995,33.935,11.9428193517758,1440,751.186082732946
-119.985,33.935,13.4155881322278,1441,729.513307645427
-119.975,33.935,10.0797178092097,1442,724.10809799927
-119.965,33.935,10.5279516631408,1443,832.139954182681
-120.195,33.925,18.3887434088794,1444,1477.25318965164
-120.185,33.925,11.7875839471087,1445,662.984560899977
-120.175,33.925,4.35353397420774,1446,0
-120.045,33.925,2.46048380519573,1447,0
-120.035,33.925,9.19445617918085,1448,0
-120.025,33.925,10.6242263962767,1449,413.382848841052
-120.015,33.925,15.5082616521932,1450,987.809702264569
-120.185,33.915,15.7936840144563,1451,1337.79005467372
-120.175,33.915,13.3006525134423,1452,553.097271402953
-120.165,33.915,12.2967880051581,1453,62.1877267214529
-120.155,33.915,6.6365575340634,1454,0
-120.075,33.915,2.16029825827684,1455,0
-120.065,33.915,7.02578574812477,1456,0
-120.055,33.915,9.65901504021744,1457,0
-120.045,33.915,11.8786254546599,1458,292.78176733309
-120.035,33.915,14.4134851170285,1459,800.093159019592
-120.025,33.915,18.0746624804755,1460,1380.84833224663
-120.165,33.905,19.3400563472279,1461,1032.2962208475
-120.155,33.905,14.0241089006384,1462,710.487266658698
-120.145,33.905,11.1624844059917,1463,233.400198559227
-120.135,33.905,9.18090981072394,1464,0
-120.105,33.905,9.34988358089597,1465,0
-120.095,33.905,11.420536016609,1466,336.250371789657
-120.085,33.905,10.1651844636023,1467,312.153615823184
-120.075,33.905,10.196958292129,1468,435.991595193025
-120.065,33.905,12.8338155634592,1469,799.164764273251
-120.055,33.905,14.6972878750292,1470,833.742873599093
-120.135,33.895,12.6065746516834,1471,716.018427941962
-120.125,33.895,11.84991023991,1472,145.282424157849
-120.115,33.895,11.8778072137232,1473,0
-120.105,33.895,14.3192260673122,1474,376.747645793275
-120.095,33.895,18.9763246849523,1475,1248.84930873419
-118.395,33.815,7.84458880452375,1476,334.475578618175
-118.405,33.805,10.2862295192959,1477,462.431596149181
-118.395,33.805,4.74921686043801,1478,78.747173942332
-118.425,33.795,15.4057834161352,1479,1097.40731399338
-118.415,33.795,8.10090317552568,1480,589.964824575125
-118.405,33.795,5.65288923568355,1481,0
-118.435,33.785,15.9767727389665,1482,1102.39012766693
-118.425,33.785,10.7621551682523,1483,282.874123163096
-118.415,33.785,4.76529959066461,1484,0
-118.435,33.775,12.253517416836,1485,601.86726923199
-118.425,33.775,6.18240159379489,1486,0
-118.435,33.765,16.8217825061886,1487,914.270380027504
-118.425,33.765,9.3405447649342,1488,92.5958480489651
-118.415,33.765,5.00838309069047,1489,0
-118.425,33.755,13.0685932607147,1490,689.28247614699
-118.415,33.755,9.0167008856694,1491,0
-118.415,33.745,9.33867857318573,1492,147.81395097165
-118.405,33.745,6.35610135187299,1493,0
-118.385,33.745,3.3815034854529,1494,0
-118.415,33.735,10.884342009217,1495,692.096523067974
-118.405,33.735,9.60065743883455,1496,372.32746150307
-118.395,33.735,8.31103902353636,1497,181.796869470028
-118.385,33.735,6.81186529808501,1498,598.055882596732
-118.375,33.735,7.98690339270885,1499,109.996902758164
-118.365,33.735,4.91088114449759,1500,308.433799221893
-118.355,33.735,9.53849012383372,1501,0
-118.355,33.725,7.99245841879988,1502,338.201483766348
-118.345,33.725,7.88950748011216,1503,96.0791730311776
-118.335,33.725,5.74598240707121,1504,0
-118.345,33.715,15.0332858107478,1505,1076.15504885394
-118.335,33.715,9.84278838831858,1506,696.19658993021
-118.325,33.715,9.34298978229381,1507,352.544474871092
-118.315,33.715,7.28211930128563,1508,0
-118.305,33.715,4.22562845397435,1509,0
-118.315,33.705,11.9267698446521,1510,904.73097097426
-118.305,33.705,9.25741708495003,1511,621.265227194722
-118.295,33.705,8.25956673809327,1512,0
-118.285,33.705,6.13405918327037,1513,202.96968810285
-118.145,33.595,9.66137826312609,1514,14015.6458276723
-117.875,33.595,4.607848190682,1515,0
-118.125,33.585,9.66137826312609,1516,13293.9371358183
-117.875,33.585,6.41166526563569,1517,691.334392032692
-117.865,33.585,6.55487081296456,1518,26.0089505198786
-117.855,33.575,10.0225556826937,1519,480.210347472695
-117.845,33.575,8.06820637818618,1520,95.9039597806279
-118.115,33.565,9.66137826312609,1521,13980.1038547156
-117.835,33.565,11.8016688829402,1522,118.803797425597
-117.825,33.565,8.43531560978968,1523,0
-117.805,33.545,9.41969854736458,1524,105.903289657425
-117.795,33.545,8.85802396911685,1525,0
-117.785,33.545,7.61296558979019,1526,0
-117.795,33.535,14.2471955369511,1527,952.325190626847
-117.785,33.535,11.9484479359296,1528,420.720445078729
-117.775,33.535,6.4770422976766,1529,0
-117.785,33.525,14.9556211217639,1530,1048.57303372113
-117.775,33.525,8.91783975523512,1531,336.344387459251
-117.765,33.525,7.31871563496106,1532,0
-119.065,33.495,20.0746606862489,1533,1994.56931855495
-119.055,33.495,16.5595530866977,1534,1376.22753557009
-119.045,33.495,19.0078760433717,1535,1018.71357293988
-117.745,33.495,14.3446319124697,1536,391.303465188037
-119.065,33.485,14.033126342064,1537,1435.00826779747
-119.055,33.485,14.1812477379599,1538,606.69885611364
-119.045,33.485,11.4976461816376,1539,126.425388397792
-119.035,33.485,6.60020586830719,1540,0
-119.025,33.485,16.7674288358842,1541,317.750597141078
-119.015,33.485,18.5288354042541,1542,1187.74974175343
-117.735,33.485,7.30067650777232,1543,25.4829390830348
-117.725,33.485,8.31958382960529,1544,0
-119.065,33.475,17.5033417113022,1545,1435.3672220696
-119.055,33.475,9.91203868671102,1546,613.328738079908
-119.045,33.475,8.40619049444217,1547,71.1527363674107
-119.025,33.475,8.47022790175758,1548,203.305024420674
-118.605,33.475,14.1948820532714,1549,117.572523181346
-118.595,33.475,15.1830724352,1550,0
-118.585,33.475,14.4984421864124,1551,80.4867763103072
-118.575,33.475,14.306303692373,1552,66.7713820258628
-118.565,33.475,11.8073348378488,1553,92.3402132556012
-118.555,33.475,12.7787075944584,1554,59.390587551714
-118.545,33.475,14.2748027564083,1555,0
-118.535,33.475,11.8200799627949,1556,20.3893426296434
-117.735,33.475,14.7367701676855,1557,988.579864130123
-117.725,33.475,11.0736475691177,1558,265.64195300268
-119.055,33.465,15.9298907949116,1559,418.294338949136
-119.045,33.465,10.8058605411799,1560,0
-119.035,33.465,9.65484649518744,1561,30.4866910448525
-119.025,33.465,12.7396914772132,1562,608.838661841408
-118.605,33.465,15.1774969310732,1563,619.828651885188
-118.595,33.465,9.41564917570009,1564,155.327572286762
-118.585,33.465,5.65033804974069,1565,0
-118.525,33.465,9.135996169393,1566,0
-118.515,33.465,14.1071924900997,1567,571.599171241873
-118.505,33.465,16.8254937387483,1568,1125.6751331182
-118.495,33.465,21.1762766510507,1569,1458.75751734958
-117.725,33.465,13.8680330310834,1570,772.854868567955
-117.715,33.465,10.116451207842,1571,0
-119.035,33.455,17.9276705652823,1572,1018.85668411017
-119.025,33.455,19.7498308777089,1573,1323.61875474858
-118.585,33.455,8.07292048796249,1574,1.94819214018607
-118.515,33.455,13.2640034996994,1575,0
-118.505,33.455,15.6631099477885,1576,119.06453108048
-118.485,33.455,13.6039801396068,1577,829.126263723041
-117.725,33.455,14.1040085472248,1578,1089.01580819595
-117.715,33.455,10.6159904560345,1579,498.926660990721
-118.575,33.445,14.4988641853557,1580,143.469237660215
-118.495,33.445,8.80437999695248,1581,308.133602861623
-118.485,33.445,10.8578600519909,1582,43.3388218822838
-118.475,33.445,14.1034288946742,1583,0
-118.465,33.445,15.8587706519361,1584,347.57003247127
-117.675,33.445,8.65911154436641,1585,1133.09668985335
-118.575,33.435,19.7844912678847,1586,487.221828452255
-118.565,33.435,17.5797908519273,1587,90.2259952573373
-118.555,33.435,17.060072818523,1588,0
-118.545,33.435,17.0375265616861,1589,0
-118.535,33.435,6.92729989689039,1590,0
-118.525,33.435,9.96816460344531,1591,0
-118.455,33.435,10.5277717970926,1592,39.7667310064754
-118.445,33.435,9.57357317904859,1593,475.376553997831
-117.655,33.435,12.0497289320069,1594,992.819035659037
-118.535,33.425,17.4780471539106,1595,420.840605263969
-118.525,33.425,14.4452122389117,1596,517.16705144949
-118.515,33.425,16.895793044533,1597,0
-118.505,33.425,10.9459852596766,1598,19.4835484976729
-118.495,33.425,10.9377169126342,1599,0
-118.445,33.425,5.11332114795058,1600,0
-118.415,33.425,7.8866795635331,1601,105.838081372744
-118.405,33.425,7.61312747646743,1602,370.618245456696
-117.655,33.425,12.0070768118518,1603,1856.67100498459
-117.645,33.425,12.3024983117134,1604,1191.41831606127
-117.635,33.425,8.08934039161442,1605,553.812602559586
-117.625,33.425,7.53764142246963,1606,0
-118.485,33.415,9.24361048522463,1607,0
-117.635,33.415,13.7501289848381,1608,1030.81498585142
-117.625,33.415,10.3766104907919,1609,211.96443058874
-118.485,33.405,13.1881491833129,1610,0
-118.365,33.405,8.62284215601729,1611,158.71121365073
-117.635,33.405,13.8043838647673,1612,1656.11446959559
-117.625,33.405,13.5664633722917,1613,1271.91896132977
-117.615,33.405,11.9033048154875,1614,601.786389081443
-117.605,33.405,9.72504079198076,1615,0
-118.485,33.395,15.3651019518018,1616,258.699602201831
-118.365,33.395,9.76624910083896,1617,410.978764618102
-117.625,33.395,14.3755490260266,1618,2002.85916316991
-117.615,33.395,13.7415505776585,1619,1210.48896861324
-117.605,33.395,11.8225946676446,1620,393.293787206027
-118.485,33.385,16.1856350202908,1621,573.768439357346
-118.475,33.385,12.418299621072,1622,0
-118.365,33.385,7.86339852568161,1623,0
-118.355,33.385,7.79448322582763,1624,455.577634079863
-117.615,33.385,14.4584833660506,1625,1710.43974226273
-117.605,33.385,11.7872663539469,1626,842.802697440604
-117.595,33.385,9.58120819325126,1627,129.024601859954
-118.485,33.375,15.2727555820715,1628,120.382261172367
-117.605,33.375,13.3127809576015,1629,1511.88601721953
-117.595,33.375,12.2813122122533,1630,952.861018846719
-118.485,33.365,14.3333477146084,1631,0
-117.585,33.365,13.3474035745712,1632,1770.86030097509
-117.575,33.365,10.5167745725767,1633,1177.53156185466
-118.485,33.355,14.4959416796082,1634,0
-118.335,33.355,14.205373765924,1635,0
-118.325,33.355,13.5070906144605,1636,362.842957476019
-117.575,33.355,12.945837722828,1637,2091.95473196596
-117.565,33.355,11.4182076078739,1638,1625.35287959099
-117.555,33.355,10.3098986232197,1639,1168.64789187963
-118.485,33.345,11.0894845913965,1640,191.29998555685
-118.325,33.345,17.0357036698122,1641,88.9009039542563
-117.575,33.345,16.105088890719,1642,3072.30366289577
-117.565,33.345,13.4958705075706,1643,2569.15688941856
-117.555,33.345,12.2867047243436,1644,1992.83379610604
-117.545,33.345,10.6800022520246,1645,1390.04048887094
-118.475,33.335,11.4514934999451,1646,155.11561807594
-118.465,33.335,8.57718337600393,1647,0
-117.555,33.335,13.7143404460251,1648,2832.01694128281
-118.475,33.325,15.092196324574,1649,670.025843185283
-118.465,33.325,10.8358476851624,1650,80.1559035918607
-118.455,33.325,10.6472754888589,1651,0
-118.445,33.325,4.18150787338923,1652,0
-118.305,33.325,12.0527018112456,1653,106.409920344019
-118.455,33.315,13.9787720837805,1654,671.594483790064
-118.445,33.315,11.4551474378712,1655,482.676545449034
-118.435,33.315,9.42551427954259,1656,400.212831778425
-118.425,33.315,10.0645035883252,1657,258.538607147852
-118.415,33.315,13.4788434396994,1658,423.427215359939
-118.405,33.315,8.7809178946483,1659,616.448207244384
-118.375,33.315,6.7383964773759,1660,491.817350528919
-118.365,33.315,6.34599738433011,1661,95.0785335958393
-118.355,33.315,8.41855748484226,1662,0
-118.305,33.315,15.9384094493508,1663,0
-117.505,33.315,9.9874590685905,1664,1228.32340657959
-117.495,33.315,9.95909745624113,1665,554.631785676095
-118.355,33.305,13.3732696595227,1666,594.775902391085
-118.345,33.305,9.39313134013177,1667,35.9028518985658
-118.315,33.305,6.17506891527537,1668,0
-117.505,33.305,14.2510307730413,1669,1981.1571098385
-117.495,33.305,12.4486918977684,1670,1247.9638373948
-119.585,33.295,24.1888957065533,1671,1869.15486390994
-119.575,33.295,23.3344077295806,1672,1753.58727058715
-119.565,33.295,21.6435311146241,1673,1997.96990240043
-119.555,33.295,18.7591935398078,1674,1562.46335148302
-119.545,33.295,18.1543555158254,1675,1378.70363559572
-119.535,33.295,16.2561214057584,1676,1016.1801044979
-119.525,33.295,18.5971489154959,1677,963.654339503526
-119.515,33.295,26.1557990732999,1678,1564.25196308601
-118.325,33.295,6.4766856442182,1679,403.520005907865
-117.505,33.295,15.4268591354733,1680,2664.19793447508
-117.495,33.295,13.3602300709562,1681,1884.83492314392
-117.485,33.295,11.9088100200661,1682,1168.92775684097
-119.625,33.285,25.6149803272139,1683,4354.0519381159
-119.615,33.285,22.8149559943596,1684,3439.03251166098
-119.605,33.285,19.8158941541296,1685,2533.33426039578
-119.595,33.285,21.1246260549466,1686,1657.33946223101
-119.585,33.285,19.3492350982535,1687,891.779749866731
-119.575,33.285,19.0553758289014,1688,647.185680740551
-119.565,33.285,20.0489368502382,1689,1104.15079039374
-119.555,33.285,13.8405216771113,1690,549.807180291197
-119.545,33.285,10.648735804506,1691,420.613758560358
-119.535,33.285,7.3398262971188,1692,0
-119.525,33.285,10.2278531496942,1693,126.395647814646
-119.515,33.285,18.4737265855174,1694,725.829139513539
-119.505,33.285,20.7590337241326,1695,1226.62648306557
-119.495,33.285,20.6589943585046,1696,1640.98150605283
-119.485,33.285,22.5236076106763,1697,1923.07429798066
-117.505,33.285,16.3560367458629,1698,3310.81045210966
-117.495,33.285,14.3600591626343,1699,2580.31279204461
-117.485,33.285,13.1991509938581,1700,1770.63971019874
-117.475,33.285,8.40160724426246,1701,996.969439873025
-119.625,33.275,21.3957560426417,1702,4293.74997236539
-119.615,33.275,20.3379449168157,1703,3364.48818537674
-119.605,33.275,13.8038683689235,1704,2437.55563766945
-119.595,33.275,13.3877216752049,1705,1517.22743731727
-119.585,33.275,18.2070288243469,1706,615.488073606621
-119.575,33.275,11.083937386122,1707,0
-119.565,33.275,11.3441524758925,1708,187.258221084263
-119.555,33.275,9.32647334820139,1709,0
-119.515,33.275,8.187643446196,1710,0
-119.505,33.275,11.2151368446935,1711,309.064770268814
-119.495,33.275,12.9282944187135,1712,852.046328739566
-119.485,33.275,14.1442643184985,1713,833.92039647059
-119.475,33.275,17.1281225221111,1714,1410.26619737851
-119.465,33.275,18.7460945918886,1715,1719.38561655102
-117.475,33.275,12.4075628686334,1716,1664.64399895707
-119.625,33.265,19.8569983902595,1717,4505.78540460427
-119.615,33.265,19.9151267610174,1718,3613.23471200092
-119.605,33.265,17.7237550509556,1719,2718.53960343038
-119.595,33.265,15.606167447565,1720,1848.60505289567
-119.585,33.265,16.2344092978384,1721,1002.0036826908
-119.575,33.265,11.9738054381874,1722,84.4783102917185
-119.495,33.265,6.06401007405635,1723,0
-119.485,33.265,6.27466467553373,1724,0.144832633802398
-119.475,33.265,8.9270826924409,1725,445.648985621161
-119.465,33.265,10.9184651383764,1726,613.042324009754
-119.455,33.265,10.4977844122406,1727,1049.51264289781
-119.605,33.255,21.994592566609,1728,2919.79123128239
-119.595,33.255,19.4388837659803,1729,2001.64899978927
-119.585,33.255,14.2163104466548,1730,1107.82248894324
-119.575,33.255,8.37956541682104,1731,372.180721130129
-119.565,33.255,4.85474028259392,1732,0
-119.465,33.255,5.70464411795528,1733,0
-119.455,33.255,8.81539725954815,1734,263.647371707424
-119.595,33.245,18.4005083183267,1735,2475.46576282485
-119.585,33.245,16.5923302507368,1736,1805.7851563446
-119.575,33.245,11.676900249207,1737,900.872981220708
-119.565,33.245,8.12279863174333,1738,99.6371547762446
-119.555,33.245,7.67458826369343,1739,0
-119.555,33.235,10.1566888781909,1740,362.702459710401
-119.545,33.235,9.49299488526667,1741,0
-119.535,33.235,7.09800160096573,1742,0
-119.545,33.225,14.6184257643913,1743,713.845202319175
-119.535,33.225,11.6006071191342,1744,637.545897827437
-119.525,33.225,8.36844281681971,1745,447.581249562674
-119.515,33.225,8.8336939507949,1746,0
-119.505,33.225,6.49916333668323,1747,0
-119.435,33.225,7.74678701308738,1748,110.824495013883
-119.415,33.225,12.3885792775881,1749,1891.01887427414
-119.405,33.225,13.7687444086206,1750,2801.79040279521
-119.395,33.225,15.685941937893,1751,3721.18623997191
-119.505,33.215,10.5666907780117,1752,628.324657624819
-119.495,33.215,8.5470257086522,1753,312.018948143293
-119.485,33.215,10.3560028610431,1754,451.378089656304
-119.475,33.215,9.58438265633593,1755,107.52047544308
-119.465,33.215,10.6811732626184,1756,60.1515140764519
-119.455,33.215,9.5152610264508,1757,150.007949262278
-119.445,33.215,13.2604869549925,1758,394.082698350845
-119.435,33.215,11.6739828695987,1759,662.90468811775
-119.445,33.205,22.3928291642732,1760,1498.71288983928
-117.365,33.165,10.5761814038563,1761,373.214612513063
-117.365,33.155,11.520961677622,1762,975.370124271436
-117.355,33.155,9.31278174196277,1763,195.712097705411
-117.355,33.145,11.3987968138121,1764,741.89985722306
-117.345,33.145,8.19822703542696,1765,0
-117.345,33.135,10.4167297061201,1766,490.722578963314
-117.345,33.125,13.7446308484396,1767,981.651635391584
-117.335,33.125,10.9325676151084,1768,238.175665310204
-117.335,33.115,12.3586380714795,1769,908.132504850476
-117.325,33.105,12.5087619983235,1770,343.049742106176
-117.325,33.095,13.2245086767974,1771,725.045667421451
-117.325,33.085,17.4836628987288,1772,984.576545649049
-117.315,33.085,12.9239495318042,1773,217.084680620709
-117.325,33.075,17.87582886189,1774,1283.52360231726
-117.315,33.075,13.9141581167121,1775,430.75546173421
-117.315,33.065,13.4443338675342,1776,814.942128931937
-117.305,33.065,7.1143597883925,1777,0
-117.315,33.055,17.161158756355,1778,1183.29954521947
-117.305,33.055,11.1101312381966,1779,298.034797392964
-118.595,33.045,17.5241968313096,1780,786.820511214979
-118.585,33.045,15.8544415689467,1781,822.751956460451
-117.305,33.045,10.7314762003572,1782,649.087161680481
-118.625,33.035,25.7178687897283,1783,1778.90012918619
-118.615,33.035,15.9474822184664,1784,885.678542061124
-118.605,33.035,13.091607796805,1785,287.690221287399
-118.595,33.035,10.8685813978299,1786,0
-118.585,33.035,10.3650149683052,1787,517.286629952174
-118.575,33.035,13.4702232365736,1788,95.7986356417244
-117.305,33.035,13.3830184193209,1789,866.88781621523
-117.295,33.035,9.78333137073197,1790,22.1202304761017
-118.615,33.025,21.5706382170283,1791,837.027330090292
-118.605,33.025,10.7222263752158,1792,0
-118.565,33.025,10.6002488348555,1793,0
-117.295,33.025,12.8846681626109,1794,686.299159061804
-117.285,33.025,8.47171662130535,1795,0
-118.615,33.015,20.3993812374116,1796,761.490753212467
-118.605,33.015,14.6495364668373,1797,0
-118.595,33.015,10.1261406306277,1798,0
-118.585,33.015,3.66502425757253,1799,0
-118.565,33.015,12.3914023704441,1800,0
-117.295,33.015,15.1961852608495,1801,1043.04019923878
-117.285,33.015,11.2997658248667,1802,158.937750773706
-118.615,33.005,22.6949573842285,1803,1345.41680090039
-118.595,33.005,18.8548256746107,1804,752.206640521624
-118.585,33.005,11.6609562501838,1805,0
-118.565,33.005,9.69285919298285,1806,0
-118.555,33.005,13.5070252426426,1807,0
-118.545,33.005,13.5261274967848,1808,495.32266489114
-117.285,33.005,12.1253996055568,1809,695.299097168843
-118.595,32.995,26.6900029063594,1810,1076.18063973113
-118.585,32.995,15.8891524009369,1811,204.120351093363
-118.545,32.995,12.4951355044061,1812,112.787630221769
-117.295,32.995,18.8098922320857,1813,1626.94097059452
-117.285,32.995,13.1621971458114,1814,758.90002125027
-118.585,32.985,17.5063913519429,1815,617.001376808763
-118.575,32.985,6.70094818478771,1816,0
-118.545,32.985,13.1255044728598,1817,0
-118.535,32.985,18.6455227639484,1818,592.328793590355
-117.285,32.985,12.8338222611036,1819,1042.80909522741
-117.275,32.985,8.87737882337911,1820,129.751118557301
-118.585,32.975,20.29913126418,1821,745.538936168983
-118.575,32.975,10.0200080733698,1822,0
-118.535,32.975,14.6905168434816,1823,0
-118.525,32.975,15.4382173769428,1824,431.576989267661
-117.275,32.975,9.00561996675012,1825,303.807812743253
-118.585,32.965,24.3262127518082,1826,1177.07879940726
-118.575,32.965,17.2862087045978,1827,358.031721704728
-118.565,32.965,9.12836147125025,1828,0
-118.525,32.965,11.2542230825612,1829,0
-118.515,32.965,10.9568305577909,1830,476.64421786692
-117.275,32.965,13.6427837653103,1831,579.242073514056
-118.575,32.955,24.2841649715648,1832,1074.18349717109
-118.565,32.955,16.4460357040745,1833,435.265414535172
-118.555,32.955,8.44654518027798,1834,0
-118.515,32.955,11.9165922396679,1835,0
-117.275,32.955,13.8288511670942,1836,610.878646684321
-118.565,32.945,23.4206473162102,1837,998.139247154809
-118.555,32.945,14.2560477035798,1838,244.935125259602
-118.505,32.945,10.7245988735699,1839,56.632257117641
-117.275,32.945,11.1995033505252,1840,968.135698683924
-117.265,32.945,9.05502641602716,1841,104.384420432849
-118.555,32.935,17.521487525788,1842,393.448545155103
-118.545,32.935,6.19470282568483,1843,0
-118.495,32.935,12.2179083390035,1844,197.150540946402
-118.555,32.925,21.2493639719417,1845,874.123944522567
-118.545,32.925,11.6436627957368,1846,0
-118.485,32.925,16.8491128739833,1847,119.320056703549
-118.475,32.925,20.2874321671946,1848,595.053354125214
-117.265,32.925,8.60137508027673,1849,498.247699544242
-118.555,32.915,21.4111440996095,1850,743.322293812125
-118.545,32.915,13.9491414601868,1851,240.524477473408
-118.545,32.905,18.7018779873178,1852,559.527096341391
-118.535,32.905,7.10276379831019,1853,60.1464870235011
-118.455,32.905,11.3143672743943,1854,99.2024409238291
-118.535,32.895,22.3878274577446,1855,707.219591685317
-118.525,32.895,14.3777239111362,1856,0
-118.525,32.885,15.6226863807119,1857,312.263493092832
-118.515,32.885,9.00257186994963,1858,0
-118.525,32.875,23.7162041974337,1859,1087.76931536997
-118.515,32.875,15.5014955112583,1860,657.058106494013
-118.505,32.875,4.83953589819388,1861,0
-118.515,32.865,23.2411220607769,1862,772.19660436504
-118.505,32.865,13.673377401044,1863,0
-118.505,32.855,18.2896167427886,1864,422.881899547476
-118.495,32.855,5.67540280752675,1865,0
-117.295,32.855,20.4095640476264,1866,1681.59362844818
-117.285,32.855,16.7574405387764,1867,984.125760123099
-117.275,32.855,12.3322625553308,1868,429.67105716613
-117.265,32.855,7.0476191987444,1869,386.144626946184
-118.505,32.845,23.8792435340927,1870,857.636279140445
-118.495,32.845,16.6268289836072,1871,406.873622248969
-118.485,32.845,12.9355422144117,1872,0
-118.475,32.845,7.85825319511205,1873,0
-118.375,32.845,8.2457717238464,1874,157.111774200935
-117.305,32.845,22.7731862508857,1875,2180.51214202664
-117.295,32.845,17.9944064304478,1876,1292.42356729716
-117.285,32.845,13.6712718805726,1877,437.171888897584
-118.495,32.835,24.818760911841,1878,1103.97605909747
-118.485,32.835,23.6142361372014,1879,837.345526971671
-118.475,32.835,16.324601995998,1880,417.940544506913
-118.465,32.835,12.6522322355672,1881,0
-118.365,32.835,5.07047134806432,1882,19.7872111145218
-117.305,32.835,22.5983099854924,1883,2117.30734385221
-117.295,32.835,18.3859116246663,1884,1186.22861501633
-117.285,32.835,12.2366643216095,1885,276.555176894692
-118.465,32.825,20.7541108124538,1886,621.69632310679
-118.455,32.825,15.2320131103838,1887,0
-118.395,32.825,8.86445749039624,1888,0
-118.385,32.825,15.0323652366859,1889,12.425045372395
-118.375,32.825,12.1040048271191,1890,0
-118.355,32.825,5.21575329981344,1891,67.1663081488217
-118.345,32.825,7.38008002574622,1892,625.905161823359
-117.295,32.825,19.3883977903441,1893,1329.5556621656
-117.285,32.825,12.4713513351021,1894,417.846913247982
-118.455,32.815,21.3025143523708,1895,663.133240541535
-118.445,32.815,13.9053061153591,1896,375.262270485307
-118.435,32.815,11.2538348012682,1897,86.4075637759265
-118.405,32.815,11.6038845617175,1898,0
-118.395,32.815,11.0643144042049,1899,716.260098949504
-118.385,32.815,18.1865255999653,1900,1099.87589127314
-118.375,32.815,15.5863405428537,1901,634.374911905024
-118.365,32.815,13.1052090404048,1902,547.81273639519
-118.355,32.815,17.4330554847806,1903,78.1984922393337
-118.345,32.815,17.8347366183822,1904,649.828341027056
-117.295,32.815,20.6852844723052,1905,1481.93540762531
-117.285,32.815,13.1809326517903,1906,783.232544355131
-117.275,32.815,7.69999710599273,1907,77.8293416462518
-118.445,32.805,23.7286715571979,1908,1164.04882066339
-118.435,32.805,17.3354070845631,1909,273.96786216934
-118.425,32.805,4.02200090691664,1910,0
-118.415,32.805,14.4602579949716,1911,308.207382013858
-118.405,32.805,15.0783095007169,1912,649.221288662465
-117.295,32.805,21.4457960012568,1913,2224.96584585682
-117.285,32.805,16.4591346385889,1914,1454.88239483263
-117.275,32.805,12.0777084506501,1915,660.140353962268
-118.435,32.795,23.5735546269139,1916,806.275581506902
-118.425,32.795,18.2785969467814,1917,479.727997305898
-118.415,32.795,20.966935316876,1918,1069.43020475101
-117.275,32.745,18.5937227063663,1919,1586.08491216841
-117.265,32.745,11.7602638467065,1920,778.718668801521
-117.275,32.735,18.5192631046757,1921,1624.19906747377
-117.265,32.735,11.8958549036086,1922,695.464052378463
-117.255,32.735,4.70938980483698,1923,0
-117.275,32.725,18.824195966938,1924,1567.53266865361
-117.265,32.725,11.2635257862567,1925,629.569619200314
-117.275,32.715,17.9000574412383,1926,1695.60014128768
-117.265,32.715,12.4609750208961,1927,757.075134635377
-117.275,32.705,18.9799473736074,1928,1800.2354819168
-117.265,32.705,12.5596402790147,1929,861.897370660726
-117.275,32.695,18.8569449014845,1930,1876.01953644789
-117.265,32.695,11.4659556951796,1931,984.570072390116
-117.275,32.685,22.5417752074159,1932,2186.38168930124
-117.265,32.685,13.1822359810483,1933,1343.15928198789
-117.255,32.685,9.21680904704563,1934,420.434989518537
-117.265,32.675,15.3439239341182,1935,1606.5490760145
-117.255,32.675,10.5809403248994,1936,713.722635006458
-117.265,32.665,16.9174328491406,1937,1870.22976366023
-117.255,32.665,12.996614644021,1938,957.100935303212
-117.245,32.665,8.01365164208402,1939,99.5529183030905
-117.235,32.665,6.56226080879562,1940,322.007772590804
-117.265,32.655,17.0316521314449,1941,2268.03351774132
-117.255,32.655,16.8624443959293,1942,1536.43531933372
-117.245,32.655,11.6610657371253,1943,1087.87979135689
-117.235,32.655,10.8784514536121,1944,1221.64729211736
-117.265,32.645,20.0980512802217,1945,2985.61234582677
-117.245,32.645,14.805914664479,1946,2189.45047796597
-117.235,32.645,11.6601130043087,1947,2270.72531779891
-117.245,32.635,18.3656182388093,1948,3294.84875720021
-117.165,32.585,15.1336565432741,1949,2628.36898474314
-117.155,32.585,14.8759875649235,1950,1723.71850352354
-117.145,32.585,14.6426045467583,1951,890.424892237653
-117.175,32.575,19.2012375372279,1952,3530.82146106661
-117.165,32.575,15.2899201535957,1953,2601.30315653526
-117.155,32.575,13.5148981387527,1954,1684.00250283768
-117.145,32.575,9.85611102583385,1955,820.9501725227
-117.165,32.565,14.6509245366162,1956,3002.46376725036
-117.155,32.565,13.1693043057191,1957,2079.92621453018
-117.145,32.565,9.99344021036922,1958,1150.00440317214
-117.165,32.555,17.6570430543306,1959,3087.28956869503
-117.155,32.555,15.1793236718469,1960,2153.31223777013
-117.145,32.555,13.3831123769734,1961,1220.93914754189
