"x","y","depth","PixelID"
-122.375,37.165,10.1105194091797,1
-122.355,37.125,12.5989503860474,2
-122.355,37.115,12.4674272537231,3
-122.345,37.115,10.9559440612793,4
-122.325,37.115,4.0340838432312,5
-122.315,37.115,8.05060195922852,6
-122.305,37.115,8.11202239990234,7
-122.335,37.105,9.24841785430908,8
-122.325,37.105,8.19936466217041,9
-122.315,37.105,11.52272605896,10
-122.305,37.105,9.66761207580566,11
-122.295,37.105,9.44362163543701,12
-122.325,37.095,12.3275709152222,13
-122.295,37.095,9.93591594696045,14
-122.285,37.095,9.58079719543457,15
-122.275,37.085,1,16
-122.265,37.065,14.2138938903809,17
-122.255,37.055,11.9499216079712,18
-122.245,37.045,11.2350482940674,19
-122.235,37.045,8.79437732696533,20
-122.235,37.035,11.4143533706665,21
-122.225,37.025,1.30322062969208,22
-122.215,37.025,2.85726928710938,23
-122.205,37.015,6.11976051330566,24
-122.205,37.005,8.78312301635742,25
-122.175,36.985,10.4282426834106,26
-122.165,36.985,9.0546350479126,27
-122.155,36.985,10.8820638656616,28
-122.155,36.975,8.55257129669189,29
-122.145,36.975,7.51216316223145,30
-122.135,36.975,5.51445198059082,31
-121.955,36.975,2.33807039260864,32
-121.945,36.975,4.03512620925903,33
-122.145,36.965,9.66588592529297,34
-122.135,36.965,8.66378116607666,35
-122.125,36.965,6.78865814208984,36
-122.115,36.965,5.80996322631836,37
-122.015,36.965,4.29012870788574,38
-122.005,36.965,4.96372556686401,39
-121.965,36.965,2.70866799354553,40
-121.955,36.965,5.16878700256348,41
-121.945,36.965,6.10365581512451,42
-122.125,36.955,10.6641817092896,43
-122.115,36.955,9.11949825286865,44
-122.105,36.955,8.68906497955322,45
-122.095,36.955,7.84608507156372,46
-122.085,36.955,6.002037525177,47
-122.045,36.955,3.40024161338806,48
-122.035,36.955,4.48536157608032,49
-122.025,36.955,4.83120203018188,50
-122.005,36.955,8.38060665130615,51
-121.995,36.955,7.27203416824341,52
-121.985,36.955,5.595543384552,53
-121.975,36.955,5.51759099960327,54
-121.965,36.955,6.55280542373657,55
-121.955,36.955,7.20363426208496,56
-122.095,36.945,10.6026105880737,57
-122.085,36.945,9.47452163696289,58
-122.075,36.945,7.10963106155396,59
-122.065,36.945,6.81630802154541,60
-122.055,36.945,6.76354503631592,61
-122.045,36.945,5.17734336853027,62
-122.035,36.945,7.7821192741394,63
-122.025,36.945,7.56814098358154,64
-121.975,36.945,9.89105129241943,65
-121.945,36.645,16.1787605285645,66
-121.935,36.645,13.7972946166992,67
-121.925,36.645,15.1225957870483,68
-121.945,36.635,14.0914993286133,69
-121.935,36.635,6.76534652709961,70
-121.925,36.635,9.20399379730225,71
-121.915,36.635,11.3710708618164,72
-121.955,36.625,15.2141418457031,73
-121.945,36.625,9.70200061798096,74
-121.935,36.625,3.54968857765198,75
-121.925,36.625,3.71863627433777,76
-121.915,36.625,9.84138202667236,77
-121.905,36.625,9.98366546630859,78
-121.895,36.625,12.979024887085,79
-121.965,36.615,14.4844751358032,80
-121.955,36.615,10.3766555786133,81
-121.945,36.615,8.30513858795166,82
-121.905,36.615,6.16068267822266,83
-121.895,36.615,8.3087043762207,84
-121.875,36.615,13.6679792404175,85
-121.865,36.615,13.5054149627686,86
-121.975,36.605,20.1229839324951,87
-121.965,36.605,15.6199235916138,88
-121.885,36.605,11.1102685928345,89
-121.875,36.605,11.1380023956299,90
-121.975,36.595,19.0574283599854,91
-121.965,36.595,13.4661483764648,92
-121.985,36.585,17.6418647766113,93
-121.975,36.585,12.1258707046509,94
-121.965,36.585,8.72924327850342,95
-121.985,36.575,20.2668380737305,96
-121.975,36.575,15.4705410003662,97
-121.975,36.565,21.3080711364746,98
-121.965,36.565,17.2693538665771,99
-121.955,36.565,15.1511964797974,100
-121.945,36.565,7.9647912979126,101
-121.935,36.565,6.09077882766724,102
-121.975,36.555,25.6441421508789,103
-121.965,36.555,21.2751865386963,104
-121.955,36.555,18.7643699645996,105
-121.945,36.555,16.6092777252197,106
-121.935,36.555,11.0438804626465,107
-121.945,36.545,20.5617408752441,108
-121.935,36.545,13.9300765991211,109
-121.935,36.535,15.4199085235596,110
-121.925,36.535,8.93826389312744,111
-121.955,36.525,19.2729682922363,112
-121.945,36.525,22.0469856262207,113
-121.935,36.525,20.2818088531494,114
-121.925,36.525,13.7644701004028,115
-121.965,36.515,21.7901706695557,116
-121.955,36.515,18.0096111297607,117
-121.945,36.515,16.5639629364014,118
-121.945,36.505,18.7903537750244,119
-121.945,36.495,17.6470565795898,120
-121.955,36.485,19.0939502716064,121
-121.945,36.485,18.6984806060791,122
-121.945,36.475,18.4433040618896,123
-121.935,36.475,15.3909635543823,124
-121.945,36.465,22.859167098999,125
-121.935,36.465,19.6656703948975,126
-121.925,36.465,8.9665060043335,127
-121.935,36.455,18.7644920349121,128
-121.925,36.455,12.0444364547729,129
-121.935,36.445,17.710620880127,130
-121.925,36.445,19.6444320678711,131
-121.935,36.435,23.0290660858154,132
-121.925,36.435,18.0160293579102,133
-121.935,36.425,27.4745998382568,134
-121.925,36.425,21.3315334320068,135
-121.915,36.425,8.26005458831787,136
-121.925,36.415,19.6652584075928,137
-121.915,36.415,19.5018577575684,138
-121.915,36.405,21.1385612487793,139
-121.915,36.395,25.3310146331787,140
-121.905,36.395,14.4394435882568,141
-121.915,36.385,25.3753280639648,142
-121.905,36.385,13.7735662460327,143
-121.915,36.375,19.6256065368652,144
-121.905,36.375,17.4838848114014,145
-121.915,36.365,19.1322116851807,146
-121.905,36.365,10.7810506820679,147
-121.905,36.355,17.3577785491943,148
-121.905,36.345,20.6839618682861,149
-121.895,36.345,7.71268892288208,150
-121.905,36.335,23.2416553497314,151
-121.895,36.335,11.651270866394,152
-121.905,36.325,19.6314582824707,153
-121.895,36.325,8.59786605834961,154
-121.905,36.315,14.2586212158203,155
-121.895,36.315,8.99297428131104,156
-121.905,36.305,17.0799045562744,157
-121.895,36.305,9.16463947296143,158
-121.885,36.305,1.94963502883911,159
-121.905,36.295,24.9180431365967,160
-121.895,36.295,17.3240966796875,161
-121.885,36.295,7.54139232635498,162
-121.875,36.295,4.62241220474243,163
-121.905,36.285,26.8652305603027,164
-121.895,36.285,18.8947486877441,165
-121.885,36.285,12.7845497131348,166
-121.875,36.285,10.1856269836426,167
-121.865,36.285,7.56868171691895,168
-121.895,36.275,20.0063343048096,169
-121.885,36.275,18.3261184692383,170
-121.875,36.275,17.7622566223145,171
-121.865,36.275,12.9824151992798,172
-121.855,36.275,6.94269847869873,173
-121.845,36.275,3.25801777839661,174
-121.875,36.265,26.8525409698486,175
-121.865,36.265,22.0798110961914,176
-121.855,36.265,16.2521362304688,177
-121.845,36.265,9.81864356994629,178
-121.855,36.255,21.2840747833252,179
-121.845,36.255,11.810996055603,180
-121.835,36.255,5.66189813613892,181
-121.835,36.245,8.39324378967285,182
-121.825,36.245,7.57373762130737,183
-121.825,36.235,7.02151584625244,184
-121.815,36.235,10.3616943359375,185
-121.805,36.235,9.2476110458374,186
-121.795,36.235,8.25774002075195,187
-121.805,36.225,16.878267288208,188
-121.795,36.225,12.8673267364502,189
-121.785,36.225,12.5164918899536,190
-121.775,36.225,7.57707405090332,191
-121.765,36.225,4.49619388580322,192
-121.785,36.215,27.9542274475098,193
-121.775,36.215,9.44268989562988,194
-121.765,36.215,10.6923570632935,195
-121.755,36.215,8.31459617614746,196
-121.755,36.205,13.1443815231323,197
-121.745,36.205,13.4135227203369,198
-121.735,36.205,19.3115482330322,199
-121.735,36.195,24.0546913146973,200
-121.725,36.195,20.4883937835693,201
-121.715,36.195,7.82223463058472,202
-121.715,36.185,13.0067796707153,203
-121.705,36.185,12.0457553863525,204
-121.705,36.175,15.6483402252197,205
-121.695,36.175,16.9967765808105,206
-121.695,36.165,22.1728115081787,207
-121.685,36.165,19.7931442260742,208
-121.675,36.165,12.9606122970581,209
-121.675,36.155,17.4828128814697,210
-121.665,36.155,14.9498996734619,211
-121.665,36.145,18.9005661010742,212
-121.655,36.145,12.7799863815308,213
-121.665,36.135,25.4805583953857,214
-121.655,36.135,15.7557649612427,215
-121.645,36.135,4.72352886199951,216
-121.655,36.125,20.8420429229736,217
-121.645,36.125,13.0797157287598,218
-121.635,36.125,9.92689228057861,219
-121.645,36.115,21.1924228668213,220
-121.635,36.115,11.5207023620605,221
-121.635,36.105,14.8393440246582,222
-121.625,36.105,13.5588436126709,223
-121.625,36.095,16.2318077087402,224
-121.625,36.085,18.9711971282959,225
-121.615,36.085,16.5318241119385,226
-121.615,36.075,19.8360614776611,227
-121.605,36.075,9.79572105407715,228
-121.605,36.065,17.3413581848145,229
-121.595,36.065,10.3085985183716,230
-121.595,36.055,8.64642715454102,231
-121.595,36.045,15.6267318725586,232
-121.585,36.045,13.2534503936768,233
-121.585,36.035,17.0258331298828,234
-121.575,36.035,5.74344491958618,235
-121.585,36.025,20.1170825958252,236
-121.575,36.025,10.329270362854,237
-121.575,36.015,17.0953502655029,238
-121.565,36.015,14.1177663803101,239
-121.555,36.015,15.1336660385132,240
-121.545,36.015,9.00038909912109,241
-121.535,36.015,8.82829093933105,242
-121.525,36.015,6.79574346542358,243
-121.565,36.005,23.9023265838623,244
-121.555,36.005,22.2715721130371,245
-121.525,36.005,7.24122762680054,246
-121.515,36.005,6.8049488067627,247
-121.505,36.005,4.84703493118286,248
-121.505,35.995,9.41543960571289,249
-121.495,35.995,2.68702602386475,250
-121.505,35.985,13.6959981918335,251
-121.495,35.985,7.66714715957642,252
-121.495,35.975,9.41165065765381,253
-121.485,35.975,6.0870475769043,254
-121.495,35.965,16.7061958312988,255
-121.485,35.965,10.9854907989502,256
-121.495,35.955,22.3479824066162,257
-121.485,35.955,13.2622423171997,258
-121.485,35.945,15.3835439682007,259
-121.475,35.945,3.81838488578796,260
-121.485,35.935,15.3678312301636,261
-121.475,35.935,3.95718383789062,262
-121.485,35.925,22.7749710083008,263
-121.475,35.925,7.22278308868408,264
-121.485,35.915,24.6001377105713,265
-121.475,35.915,11.8506689071655,266
-121.465,35.915,1,267
-121.485,35.905,25.3055667877197,268
-121.475,35.905,10.8504905700684,269
-121.465,35.905,1.92948794364929,270
-121.475,35.895,18.0137996673584,271
-121.465,35.895,4.65218114852905,272
-121.465,35.885,7.58363962173462,273
-121.455,35.885,8.85958003997803,274
-121.455,35.875,9.22343349456787,275
-121.445,35.875,5.47491884231567,276
-121.455,35.865,20.7526264190674,277
-121.445,35.865,16.3217220306396,278
-121.435,35.865,13.9227323532104,279
-121.425,35.865,2.81260013580322,280
-121.435,35.855,21.0680351257324,281
-121.425,35.855,10.1614952087402,282
-121.415,35.855,4.89920854568481,283
-121.415,35.845,11.4120693206787,284
-121.405,35.845,9.15410900115967,285
-121.415,35.835,20.5933437347412,286
-121.405,35.835,14.2092599868774,287
-121.395,35.835,9.37938404083252,288
-121.395,35.825,15.8914642333984,289
-121.385,35.825,7.23043441772461,290
-121.395,35.815,21.1729393005371,291
-121.385,35.815,12.9235105514526,292
-121.375,35.815,7.02521944046021,293
-121.385,35.805,20.2078990936279,294
-121.375,35.805,13.3629770278931,295
-121.365,35.805,8.95516681671143,296
-121.355,35.805,5.2397837638855,297
-121.355,35.795,6.07660865783691,298
-121.345,35.795,11.9059591293335,299
-121.345,35.785,10.6433439254761,300
-121.335,35.785,5.53874826431274,301
-121.345,35.775,21.5346622467041,302
-121.335,35.775,1,303
-121.335,35.765,3.29692363739014,304
-121.325,35.765,1.41782009601593,305
-121.325,35.755,5.97246646881104,306
-121.325,35.745,11.3232164382935,307
-121.315,35.745,1,308
-121.325,35.735,15.069803237915,309
-121.315,35.735,5.59215497970581,310
-121.325,35.725,14.4565372467041,311
-121.325,35.715,14.7530355453491,312
-121.315,35.715,5.68851375579834,313
-121.325,35.705,18.1546688079834,314
-121.315,35.705,9.05366706848145,315
-121.305,35.705,4.42333173751831,316
-121.315,35.695,15.751259803772,317
-121.305,35.695,7.55226182937622,318
-121.295,35.695,3.61224627494812,319
-121.315,35.685,17.4690837860107,320
-121.305,35.685,13.3884449005127,321
-121.295,35.685,7.91584444046021,322
-121.295,35.675,7.71697664260864,323
-121.285,35.675,3.10227394104004,324
-121.285,35.665,12.0374784469604,325
-121.275,35.665,10.1135282516479,326
-121.265,35.665,7.91436624526978,327
-121.255,35.665,5.59796571731567,328
-121.275,35.655,14.7812604904175,329
-121.265,35.655,13.8071804046631,330
-121.255,35.655,10.4699325561523,331
-121.245,35.655,6.55329132080078,332
-121.235,35.655,1.56972289085388,333
-121.225,35.655,1.50779509544373,334
-121.255,35.645,18.1609115600586,335
-121.245,35.645,13.2826366424561,336
-121.235,35.645,11.4372625350952,337
-121.225,35.645,10.466194152832,338
-121.215,35.645,8.73924732208252,339
-121.205,35.645,1.74133706092834,340
-121.185,35.645,4.37651681900024,341
-121.235,35.635,19.7280673980713,342
-121.225,35.635,15.8758974075317,343
-121.215,35.635,13.0628452301025,344
-121.205,35.635,10.3712520599365,345
-121.195,35.635,9.44200229644775,346
-121.185,35.635,7.88020420074463,347
-121.175,35.635,7.02922296524048,348
-121.165,35.635,7.50443029403687,349
-121.235,35.625,30,350
-121.225,35.625,19.1213932037354,351
-121.195,35.625,14.0496826171875,352
-121.165,35.625,9.07018375396729,353
-121.155,35.625,5.68019342422485,354
-121.165,35.615,13.8499450683594,355
-121.155,35.615,9.89256381988525,356
-121.145,35.615,5.19253921508789,357
-121.155,35.605,13.0926179885864,358
-121.145,35.605,9.16050720214844,359
-121.135,35.605,2.03683686256409,360
-121.145,35.595,13.1264734268188,361
-121.135,35.595,9.31089305877686,362
-121.125,35.595,7.98639392852783,363
-121.135,35.585,13.5918388366699,364
-121.125,35.585,10.0040063858032,365
-121.135,35.575,16.9144153594971,366
-121.125,35.575,12.4567565917969,367
-121.115,35.575,8.00848579406738,368
-121.125,35.565,13.6931858062744,369
-121.115,35.565,11.3665294647217,370
-121.115,35.555,13.3143558502197,371
-121.105,35.555,8.8001070022583,372
-121.115,35.545,18.9156970977783,373
-121.105,35.545,13.4090452194214,374
-121.095,35.545,7.16667747497559,375
-121.115,35.535,24.7505893707275,376
-121.105,35.535,18.8366413116455,377
-121.095,35.535,13.728588104248,378
-121.085,35.535,6.85091829299927,379
-121.095,35.525,15.7687530517578,380
-121.085,35.525,13.4343252182007,381
-121.075,35.525,11.5252704620361,382
-121.075,35.515,14.5856237411499,383
-121.065,35.515,8.98420238494873,384
-121.075,35.505,20.8994445800781,385
-121.065,35.505,14.3653402328491,386
-121.055,35.505,10.5237302780151,387
-121.065,35.495,20.9076480865479,388
-121.055,35.495,14.6361141204834,389
-121.045,35.495,9.89833164215088,390
-121.055,35.485,19.6614894866943,391
-121.045,35.485,15.8502082824707,392
-121.035,35.485,13.1858339309692,393
-121.025,35.485,6.77726697921753,394
-121.045,35.475,21.0557270050049,395
-121.035,35.475,16.9169235229492,396
-121.025,35.475,12.2629079818726,397
-121.015,35.475,7.78446912765503,398
-121.025,35.465,16.5707340240479,399
-121.015,35.465,12.9273452758789,400
-121.005,35.465,9.96184349060059,401
-120.995,35.465,3.90214443206787,402
-120.985,35.465,3.95946550369263,403
-121.015,35.455,18.4574699401855,404
-121.005,35.455,13.1801538467407,405
-120.995,35.455,11.4790945053101,406
-120.985,35.455,9.57935428619385,407
-120.975,35.455,9.4413013458252,408
-120.965,35.455,7.80265998840332,409
-120.955,35.455,3.27873849868774,410
-120.975,35.445,15.8652992248535,411
-120.965,35.445,13.4370822906494,412
-120.955,35.445,9.59756660461426,413
-120.945,35.445,6.89195442199707,414
-120.935,35.445,4.86953401565552,415
-120.925,35.445,5.27599239349365,416
-120.915,35.445,6.22325897216797,417
-120.905,35.445,5.06021881103516,418
-120.955,35.435,14.7879724502563,419
-120.945,35.435,13.5273590087891,420
-120.935,35.435,11.4472274780273,421
-120.925,35.435,13.329384803772,422
-120.915,35.435,9.20785617828369,423
-120.905,35.435,8.40191650390625,424
-120.895,35.435,6.43439912796021,425
-120.885,35.415,7.27454805374146,426
-120.905,35.275,11.4541301727295,427
-120.895,35.275,8.00503063201904,428
-120.905,35.255,10.1797590255737,429
-120.895,35.255,2.57939076423645,430
-120.905,35.245,16.0522747039795,431
-120.895,35.245,10.7439212799072,432
-120.895,35.235,14.1557941436768,433
-120.885,35.235,10.7026243209839,434
-120.885,35.225,15.5771903991699,435
-120.875,35.225,10.0650539398193,436
-120.875,35.215,11.7496242523193,437
-120.865,35.215,11.5654277801514,438
-120.855,35.215,4.97581052780151,439
-120.855,35.205,12.487548828125,440
-120.845,35.205,10.1983413696289,441
-120.845,35.195,12.8061370849609,442
-120.835,35.195,11.0700750350952,443
-120.825,35.195,7.29549551010132,444
-120.835,35.185,16.3044033050537,445
-120.825,35.185,11.5764179229736,446
-120.815,35.185,9.60141181945801,447
-120.805,35.185,7.46759128570557,448
-120.795,35.185,2.5432722568512,449
-120.825,35.175,15.6038179397583,450
-120.815,35.175,12.2910823822021,451
-120.805,35.175,10.8486108779907,452
-120.795,35.175,7.01257610321045,453
-120.785,35.175,6.42853927612305,454
-120.755,35.175,6.32750988006592,455
-120.745,35.175,6.88370132446289,456
-120.735,35.175,6.88087320327759,457
-120.725,35.175,8.63234710693359,458
-120.715,35.175,8.47917556762695,459
-120.705,35.175,5.86659717559814,460
-120.695,35.175,3.7327036857605,461
-120.795,35.165,15.439902305603,462
-120.785,35.165,7.14612483978271,463
-120.775,35.165,7.0815691947937,464
-120.765,35.165,4.23400783538818,465
-120.755,35.165,1,466
-120.725,35.165,12.1612758636475,467
-120.715,35.165,10.6506128311157,468
-120.705,35.165,9.75205993652344,469
-120.695,35.165,7.29467630386353,470
-120.685,35.165,4.92131519317627,471
-120.765,35.155,5.99130201339722,472
-120.715,35.155,12.6745948791504,473
-120.705,35.155,12.2797651290894,474
-120.695,35.155,9.51009750366211,475
-120.685,35.155,7.62773656845093,476
-120.675,35.155,7.29949522018433,477
-120.665,35.155,6.64088535308838,478
-120.655,35.155,7.20480251312256,479
-120.685,35.145,11.8542718887329,480
-120.675,35.145,10.9468460083008,481
-120.665,35.145,9.36424255371094,482
-120.655,35.145,5.85709810256958,483
-120.635,34.745,8.53514575958252,484
-120.635,34.735,11.6671762466431,485
-120.625,34.735,10.1651248931885,486
-120.615,34.735,8.13361549377441,487
-120.625,34.725,13.4540863037109,488
-120.615,34.725,7.55046033859253,489
-120.615,34.715,10.0903701782227,490
-120.735,34.615,30,491
-120.615,34.555,3.34532713890076,492
-120.605,34.555,3.91912627220154,493
-120.595,34.555,3.03655552864075,494
-120.585,34.555,3,495
-120.615,34.545,8.1506929397583,496
-120.605,34.545,10.648756980896,497
-120.595,34.545,10.8848752975464,498
-120.575,34.545,13.8073492050171,499
-120.565,34.545,10.9914627075195,500
-120.555,34.545,7.86757469177246,501
-120.575,34.535,15.3984937667847,502
-120.565,34.535,12.5542783737183,503
-120.555,34.535,5.50150299072266,504
-120.545,34.535,3.21013188362122,505
-120.535,34.535,4.62170934677124,506
-120.525,34.535,4.37334156036377,507
-120.535,34.525,14.554612159729,508
-120.525,34.525,13.068959236145,509
-120.515,34.525,6.87131977081299,510
-120.525,34.515,17.5299034118652,511
-120.515,34.515,12.2427167892456,512
-120.505,34.515,9.19139003753662,513
-120.515,34.505,20.273323059082,514
-120.505,34.505,12.9901723861694,515
-120.505,34.495,17.8183517456055,516
-120.495,34.495,7.38639497756958,517
-120.505,34.485,20.4240951538086,518
-120.495,34.485,13.6073703765869,519
-120.485,34.485,7.66585445404053,520
-120.495,34.475,18.0064525604248,521
-120.485,34.475,10.0889081954956,522
-120.295,34.475,2.18203616142273,523
-120.225,34.475,1.79122006893158,524
-120.165,34.475,2.20709490776062,525
-120.155,34.475,2.97986912727356,526
-120.145,34.475,5.63227510452271,527
-120.135,34.475,5.33186960220337,528
-120.125,34.475,3.26516008377075,529
-120.685,34.465,30,530
-120.485,34.465,13.6139717102051,531
-120.475,34.465,9.81181526184082,532
-120.335,34.465,3.19656181335449,533
-120.325,34.465,5.89757919311523,534
-120.315,34.465,8.1774787902832,535
-120.305,34.465,8.82218933105469,536
-120.295,34.465,8.15561103820801,537
-120.285,34.465,7.27831506729126,538
-120.275,34.465,4.43765544891357,539
-120.265,34.465,3.43287229537964,540
-120.255,34.465,11.3783740997314,541
-120.245,34.465,11.8512001037598,542
-120.235,34.465,2.39284133911133,543
-120.225,34.465,2.34290170669556,544
-120.205,34.465,6.67159080505371,545
-120.195,34.465,2.14268755912781,546
-120.185,34.465,6.10324668884277,547
-120.165,34.465,4.81701517105103,548
-120.155,34.465,7.21205234527588,549
-120.135,34.465,10.792200088501,550
-120.125,34.465,10.0374231338501,551
-120.115,34.465,7.80824089050293,552
-120.105,34.465,7.40826797485352,553
-120.095,34.465,3.36898374557495,554
-120.075,34.465,2.56504726409912,555
-120.065,34.465,4.24180221557617,556
-120.055,34.465,3.17797160148621,557
-120.045,34.465,5.18330097198486,558
-120.035,34.465,4.72402238845825,559
-120.485,34.455,15.8690462112427,560
-120.475,34.455,11.1873922348022,561
-120.445,34.455,3.27944803237915,562
-120.435,34.455,2.60294127464294,563
-120.415,34.455,2.75719857215881,564
-120.405,34.455,7.43499612808228,565
-120.395,34.455,8.04389572143555,566
-120.385,34.455,8.58035087585449,567
-120.375,34.455,9.70824241638184,568
-120.365,34.455,11.1460781097412,569
-120.355,34.455,10.1964054107666,570
-120.345,34.455,4.97662878036499,571
-120.335,34.455,8.63619422912598,572
-120.325,34.455,13.230016708374,573
-120.315,34.455,14.1507120132446,574
-120.255,34.455,12.6862878799438,575
-120.095,34.455,7.2367205619812,576
-120.085,34.455,6.85184955596924,577
-120.075,34.455,4.60163593292236,578
-120.065,34.455,6.79704761505127,579
-120.055,34.455,6.75554609298706,580
-120.045,34.455,8.79244995117188,581
-120.025,34.455,4.16245603561401,582
-120.015,34.455,10.9753360748291,583
-120.005,34.455,5.11146068572998,584
-120.465,34.445,5.68738555908203,585
-120.455,34.445,6.36294078826904,586
-120.445,34.445,7.13735198974609,587
-120.435,34.445,8.72597408294678,588
-120.425,34.445,10.4010028839111,589
-120.415,34.445,10.5164775848389,590
-120.405,34.445,11.2410831451416,591
-120.395,34.445,13.2193832397461,592
-120.385,34.445,15.1240882873535,593
-120.375,34.445,16.3828926086426,594
-120.365,34.445,17.875825881958,595
-120.355,34.445,17.7270851135254,596
-119.995,34.445,8.00128173828125,597
-119.985,34.445,3.82558131217957,598
-119.975,34.445,6.28607320785522,599
-119.965,34.445,4.03605794906616,600
-120.415,34.435,20.1916275024414,601
-120.405,34.435,19.4894428253174,602
-120.395,34.435,18.5475158691406,603
-120.385,34.435,17.852819442749,604
-120.375,34.435,19.0970726013184,605
-120.365,34.435,20.4095516204834,606
-119.965,34.435,9.38368701934814,607
-119.955,34.435,8.92150211334229,608
-119.945,34.435,7.50599479675293,609
-119.935,34.435,5.14018964767456,610
-119.925,34.435,6.7143759727478,611
-119.915,34.435,5.51907730102539,612
-119.955,34.425,13.1652488708496,613
-119.945,34.425,13.631142616272,614
-119.935,34.425,13.1517171859741,615
-119.925,34.425,10.1268148422241,616
-119.915,34.425,8.86586666107178,617
-119.905,34.425,7.97995519638062,618
-119.895,34.425,2.66474795341492,619
-119.905,34.415,12.1172170639038,620
-119.895,34.415,8.52992153167725,621
-119.825,34.415,5.06464385986328,622
-119.815,34.415,5.03837490081787,623
-119.805,34.415,5.21251153945923,624
-119.795,34.415,5.59475374221802,625
-119.785,34.415,7.20215320587158,626
-119.775,34.415,7.1066575050354,627
-119.655,34.415,5.8531379699707,628
-119.645,34.415,8.15951633453369,629
-119.635,34.415,9.33410835266113,630
-119.625,34.415,5.32403230667114,631
-119.615,34.415,4.47438287734985,632
-119.605,34.415,5.96773672103882,633
-119.595,34.415,6.50213432312012,634
-119.585,34.415,7.53073310852051,635
-119.575,34.415,5.41801929473877,636
-119.565,34.415,4.53645753860474,637
-119.885,34.405,8.54963111877441,638
-119.875,34.405,8.38917446136475,639
-119.865,34.405,7.27560806274414,640
-119.855,34.405,7.63374519348145,641
-119.845,34.405,6.48507404327393,642
-119.835,34.405,11.40052318573,643
-119.825,34.405,10.4467391967773,644
-119.785,34.405,10.0117263793945,645
-119.775,34.405,8.79945087432861,646
-119.765,34.405,8.93557071685791,647
-119.755,34.405,5.84143257141113,648
-119.745,34.405,6.14285278320312,649
-119.645,34.405,11.9573354721069,650
-119.585,34.405,9.59420394897461,651
-119.575,34.405,7.66762161254883,652
-120.125,34.395,13.1020669937134,653
-119.745,34.395,7.66302633285522,654
-119.735,34.395,5.36633777618408,655
-119.725,34.395,5.10285711288452,656
-119.715,34.395,5.62992334365845,657
-119.705,34.395,4.6829047203064,658
-119.695,34.395,6.76344776153564,659
-119.565,34.395,10.8675546646118,660
-119.555,34.395,9.8664493560791,661
-119.545,34.395,7.96407651901245,662
-119.535,34.395,6.11926698684692,663
-119.525,34.395,6.55175495147705,664
-119.545,34.385,9.77040100097656,665
-119.535,34.385,9.06261730194092,666
-119.525,34.385,6.22450160980225,667
-119.505,34.385,6.98448848724365,668
-119.485,34.375,7.42841386795044,669
-119.485,34.365,10.9789896011353,670
-119.475,34.365,10.9764919281006,671
-119.445,34.355,8.85221290588379,672
-119.435,34.355,7.14532136917114,673
-119.435,34.345,7.67764282226562,674
-119.425,34.345,6.2748384475708,675
-119.635,34.335,12.2663297653198,676
-119.625,34.335,12.2663297653198,677
-119.615,34.335,12.9887361526489,678
-119.605,34.335,12.9154958724976,679
-119.565,34.335,12.0338325500488,680
-119.555,34.335,11.1351804733276,681
-119.545,34.335,10.8583812713623,682
-119.425,34.335,7.62194061279297,683
-119.415,34.335,4.52957010269165,684
-119.405,34.335,2.87546157836914,685
-119.375,34.315,3.96576833724976,686
-119.365,34.315,3.6451723575592,687
-119.365,34.305,4.13462018966675,688
-119.355,34.305,4.71903562545776,689
-119.345,34.295,4.65699863433838,690
-119.585,34.285,13.7965021133423,691
-119.345,34.285,5.69833898544312,692
-119.415,34.185,5.92550230026245,693
-119.465,34.175,7.83315181732178,694
-119.215,34.145,2.42204976081848,695
-119.405,34.125,10.1526184082031,696
-119.275,34.115,28.55100440979,697
-120.515,34.105,20.8192653656006,698
-120.365,34.075,9.40979957580566,699
-119.925,34.075,16.9605369567871,700
-119.915,34.075,13.8994417190552,701
-119.905,34.075,15.2872076034546,702
-119.895,34.075,14.2982578277588,703
-119.885,34.075,13.3396911621094,704
-120.455,34.065,21.893440246582,705
-120.445,34.065,17.7835788726807,706
-120.435,34.065,20.0520000457764,707
-120.425,34.065,18.4322490692139,708
-120.415,34.065,15.3831224441528,709
-120.395,34.065,19.6828498840332,710
-120.385,34.065,15.8079643249512,711
-120.365,34.065,6.4843373298645,712
-120.355,34.065,9.39380264282227,713
-119.935,34.065,15.7768650054932,714
-119.925,34.065,15.0451812744141,715
-119.855,34.065,6.17368125915527,716
-119.845,34.065,13.3983879089355,717
-119.825,34.065,9.00214958190918,718
-118.995,34.065,8.3391580581665,719
-118.985,34.065,6.53112983703613,720
-120.455,34.055,14.0722951889038,721
-120.445,34.055,15.4612274169922,722
-120.435,34.055,12.9363431930542,723
-120.425,34.055,13.5348558425903,724
-120.415,34.055,9.44949913024902,725
-120.405,34.055,14.4696712493896,726
-120.395,34.055,12.7519493103027,727
-120.385,34.055,13.3877439498901,728
-120.365,34.055,4.18622064590454,729
-120.355,34.055,9.52595615386963,730
-120.345,34.055,10.8576164245605,731
-120.335,34.055,10.785213470459,732
-119.935,34.055,11.4097261428833,733
-119.925,34.055,10.276068687439,734
-119.915,34.055,10.1931791305542,735
-119.905,34.055,8.83095645904541,736
-119.825,34.055,14.1185808181763,737
-119.815,34.055,15.1379899978638,738
-119.805,34.055,5.4558424949646,739
-119.795,34.055,3.84592509269714,740
-119.785,34.055,11.3322458267212,741
-119.775,34.055,6.91921758651733,742
-119.765,34.055,6.13781023025513,743
-119.755,34.055,18.7471466064453,744
-119.745,34.055,14.5923042297363,745
-119.585,34.055,9.35833644866943,746
-119.575,34.055,7.67376565933228,747
-119.565,34.055,10.5829706192017,748
-119.555,34.055,9.28462791442871,749
-118.995,34.055,12.9050168991089,750
-118.985,34.055,8.94955253601074,751
-118.975,34.055,6.22427415847778,752
-118.965,34.055,5.01996850967407,753
-120.475,34.045,24.0247497558594,754
-120.465,34.045,15.5780916213989,755
-120.455,34.045,12.3373184204102,756
-120.445,34.045,13.0220327377319,757
-120.435,34.045,10.6491851806641,758
-120.425,34.045,6.14093732833862,759
-120.355,34.045,8.97978687286377,760
-120.345,34.045,7.7997932434082,761
-120.335,34.045,6.8405647277832,762
-120.325,34.045,7.35557746887207,763
-120.315,34.045,6.7554669380188,764
-120.225,34.045,19.3531188964844,765
-120.215,34.045,20.6620635986328,766
-120.165,34.045,20.4482135772705,767
-120.065,34.045,13.3097133636475,768
-120.055,34.045,12.3237609863281,769
-120.045,34.045,8.8683032989502,770
-119.915,34.045,17.4381713867188,771
-119.905,34.045,13.661473274231,772
-119.895,34.045,10.4747734069824,773
-119.885,34.045,7.43402338027954,774
-119.735,34.045,10.9846525192261,775
-119.725,34.045,11.87841796875,776
-119.715,34.045,11.3678922653198,777
-119.705,34.045,16.3112659454346,778
-119.605,34.045,2.00052046775818,779
-119.585,34.045,3.92885255813599,780
-119.555,34.045,7.41506767272949,781
-118.975,34.045,15.4718723297119,782
-118.965,34.045,10.1933135986328,783
-118.955,34.045,8.49860954284668,784
-118.945,34.045,8.54865741729736,785
-118.935,34.045,7.55208778381348,786
-118.925,34.045,9.03322410583496,787
-118.915,34.045,6.63775300979614,788
-120.465,34.035,13.3223667144775,789
-120.455,34.035,6.44112920761108,790
-120.445,34.035,2.63923931121826,791
-120.415,34.035,6.89993619918823,792
-120.405,34.035,8.14746856689453,793
-120.315,34.035,6.93205308914185,794
-120.245,34.035,16.2852401733398,795
-120.235,34.035,15.9956951141357,796
-120.225,34.035,16.1375312805176,797
-120.215,34.035,18.6146011352539,798
-120.195,34.035,20.3342361450195,799
-120.175,34.035,18.9388523101807,800
-120.165,34.035,17.9402122497559,801
-120.155,34.035,14.2768611907959,802
-120.145,34.035,10.7867727279663,803
-120.135,34.035,9.25479602813721,804
-120.125,34.035,16.046724319458,805
-120.115,34.035,13.0469312667847,806
-120.105,34.035,12.9097967147827,807
-120.075,34.035,6.53689575195312,808
-120.065,34.035,10.2074384689331,809
-120.055,34.035,9.0750560760498,810
-120.045,34.035,6.91540193557739,811
-120.035,34.035,8.63765239715576,812
-119.885,34.035,9.47696781158447,813
-119.875,34.035,4.84752464294434,814
-119.705,34.035,12.9314832687378,815
-119.525,34.035,8.97011756896973,816
-119.515,34.035,12.9856824874878,817
-118.925,34.035,13.8336925506592,818
-118.915,34.035,10.1128664016724,819
-118.905,34.035,10.4546184539795,820
-118.895,34.035,9.28050422668457,821
-118.885,34.035,9.22460174560547,822
-118.875,34.035,7.73457908630371,823
-118.865,34.035,9.12688541412354,824
-118.855,34.035,7.6518349647522,825
-118.745,34.035,5.9543662071228,826
-118.735,34.035,6.36219310760498,827
-118.725,34.035,5.60863876342773,828
-118.715,34.035,4.37637615203857,829
-118.685,34.035,2.8893096446991,830
-118.675,34.035,3.51141166687012,831
-118.645,34.035,7.84627103805542,832
-118.635,34.035,6.68518686294556,833
-118.605,34.035,6.11759328842163,834
-118.595,34.035,6.61518049240112,835
-118.585,34.035,5.3843092918396,836
-118.575,34.035,5.09329748153687,837
-120.465,34.025,12.9357252120972,838
-120.455,34.025,13.3377323150635,839
-120.445,34.025,9.63863182067871,840
-120.435,34.025,11.3387537002563,841
-120.425,34.025,14.3920574188232,842
-120.415,34.025,10.6449489593506,843
-120.405,34.025,9.39022159576416,844
-120.395,34.025,11.4185400009155,845
-120.385,34.025,13.0423631668091,846
-120.375,34.025,5.46233749389648,847
-120.305,34.025,7.9946813583374,848
-120.245,34.025,15.1772556304932,849
-120.235,34.025,12.7671155929565,850
-120.225,34.025,13.192943572998,851
-120.215,34.025,13.903021812439,852
-120.205,34.025,15.1130800247192,853
-120.195,34.025,18.1949291229248,854
-120.185,34.025,17.8453693389893,855
-120.175,34.025,16.3606147766113,856
-120.165,34.025,14.6664180755615,857
-120.155,34.025,10.7513933181763,858
-120.145,34.025,7.23359441757202,859
-120.135,34.025,5.29502868652344,860
-120.125,34.025,11.6128330230713,861
-120.115,34.025,10.5310249328613,862
-120.105,34.025,10.4102182388306,863
-120.095,34.025,8.54504585266113,864
-120.085,34.025,9.11879730224609,865
-120.075,34.025,8.62196350097656,866
-120.065,34.025,1.81568038463593,867
-120.045,34.025,7.48161458969116,868
-120.035,34.025,12.0821475982666,869
-119.685,34.025,10.9383659362793,870
-119.545,34.025,1.23030781745911,871
-119.535,34.025,5.34164094924927,872
-119.525,34.025,6.34393310546875,873
-118.785,34.025,5.05907106399536,874
-118.775,34.025,6.89656925201416,875
-118.765,34.025,7.64504384994507,876
-118.755,34.025,7.22777891159058,877
-118.745,34.025,8.33808326721191,878
-118.725,34.025,7.29631805419922,879
-118.715,34.025,5.26360464096069,880
-118.705,34.025,6.52227258682251,881
-118.695,34.025,7.27871370315552,882
-118.685,34.025,5.45993661880493,883
-118.675,34.025,5.09999179840088,884
-120.385,34.015,17.4150772094727,885
-120.375,34.015,13.7718152999878,886
-120.365,34.015,11.445502281189,887
-120.355,34.015,7.91208171844482,888
-120.345,34.015,11.2394714355469,889
-120.335,34.015,11.5241680145264,890
-120.325,34.015,10.6908054351807,891
-120.315,34.015,11.565357208252,892
-120.305,34.015,9.22031116485596,893
-120.295,34.015,11.4719848632812,894
-120.255,34.015,18.10032081604,895
-120.245,34.015,15.5915718078613,896
-120.235,34.015,10.0894470214844,897
-120.225,34.015,8.66955280303955,898
-120.215,34.015,9.08828067779541,899
-120.205,34.015,10.7934913635254,900
-120.195,34.015,9.40356254577637,901
-120.185,34.015,9.42912769317627,902
-120.175,34.015,10.940710067749,903
-120.165,34.015,9.5062837600708,904
-120.155,34.015,6.40988492965698,905
-120.045,34.015,6.81615304946899,906
-120.035,34.015,11.1423397064209,907
-119.895,34.015,10.1302680969238,908
-119.885,34.015,9.09023952484131,909
-119.665,34.015,2.71251535415649,910
-119.645,34.015,6.82647132873535,911
-119.635,34.015,7.79979610443115,912
-119.625,34.015,6.19884252548218,913
-119.615,34.015,4.74829530715942,914
-119.545,34.015,6.50228786468506,915
-119.535,34.015,14.5676345825195,916
-119.445,34.015,13.6021680831909,917
-119.435,34.015,11.5394697189331,918
-119.425,34.015,9.00129699707031,919
-119.415,34.015,5.00224637985229,920
-119.385,34.015,6.03553152084351,921
-119.375,34.015,6.33192205429077,922
-119.365,34.015,6.53433179855347,923
-119.355,34.015,7.92369556427002,924
-118.795,34.015,4.16165590286255,925
-118.785,34.015,7.83336877822876,926
-118.775,34.015,9.60021781921387,927
-118.765,34.015,10.9680280685425,928
-120.365,34.005,20.2333908081055,929
-120.355,34.005,18.6265621185303,930
-120.345,34.005,19.2807445526123,931
-120.335,34.005,23.7610092163086,932
-120.255,34.005,11.4032144546509,933
-120.245,34.005,9.42465209960938,934
-120.235,34.005,5.65103816986084,935
-120.215,34.005,3.12017607688904,936
-120.205,34.005,4.41370964050293,937
-120.195,34.005,4.5443115234375,938
-120.185,34.005,4.54886054992676,939
-120.175,34.005,3.82817649841309,940
-120.045,34.005,6.98486137390137,941
-120.035,34.005,8.84768486022949,942
-119.895,34.005,11.1875,943
-119.885,34.005,8.75724601745605,944
-119.555,34.005,3.0680513381958,945
-119.545,34.005,8.4372034072876,946
-119.535,34.005,15.6949138641357,947
-119.435,34.005,12.8628921508789,948
-119.425,34.005,11.7156114578247,949
-119.415,34.005,12.4446096420288,950
-119.405,34.005,11.5299997329712,951
-119.395,34.005,9.53605556488037,952
-119.385,34.005,6.95326852798462,953
-119.375,34.005,7.2971887588501,954
-118.805,34.005,5.64299201965332,955
-118.795,34.005,6.00026750564575,956
-118.785,34.005,11.0319766998291,957
-120.255,33.995,14.2069864273071,958
-120.245,33.995,9.08781433105469,959
-120.235,33.995,5.69409465789795,960
-120.225,33.995,2.31430268287659,961
-120.045,33.995,5.45609521865845,962
-120.035,33.995,8.58673858642578,963
-120.025,33.995,8.72358131408691,964
-119.895,33.995,13.8056154251099,965
-119.885,33.995,10.3421049118042,966
-119.585,33.995,5.97371482849121,967
-119.575,33.995,9.74588012695312,968
-119.565,33.995,9.97548770904541,969
-119.555,33.995,7.95344543457031,970
-119.545,33.995,13.9140310287476,971
-119.535,33.995,19.5937976837158,972
-119.415,33.995,23.2305660247803,973
-119.405,33.995,20.9445018768311,974
-118.805,33.995,7.93947172164917,975
-120.255,33.985,24.0994911193848,976
-120.245,33.985,19.938081741333,977
-120.235,33.985,13.6032390594482,978
-120.225,33.985,6.52093505859375,979
-120.025,33.985,7.91811609268188,980
-120.015,33.985,7.24351978302002,981
-120.005,33.985,11.9317331314087,982
-119.885,33.985,8.37968826293945,983
-119.875,33.985,6.59355020523071,984
-119.665,33.985,7.31269407272339,985
-119.655,33.985,5.86816883087158,986
-119.645,33.985,7.26555681228638,987
-119.635,33.985,7.12623405456543,988
-119.625,33.985,8.89412117004395,989
-119.615,33.985,9.84397888183594,990
-119.605,33.985,10.9777641296387,991
-119.595,33.985,8.55301761627197,992
-119.585,33.985,12.9251155853271,993
-119.575,33.985,17.2014350891113,994
-119.565,33.985,19.1545028686523,995
-119.555,33.985,17.5770950317383,996
-119.545,33.985,19.0879993438721,997
-119.535,33.985,21.3730506896973,998
-120.235,33.975,19.7825870513916,999
-120.225,33.975,10.4212322235107,1000
-120.215,33.975,4.06010341644287,1001
-120.205,33.975,1.28457844257355,1002
-119.975,33.975,7.23863506317139,1003
-119.875,33.975,8.42312049865723,1004
-119.865,33.975,8.9811840057373,1005
-119.855,33.975,7.30642461776733,1006
-119.695,33.975,12.5210876464844,1007
-119.685,33.975,9.12099266052246,1008
-119.675,33.975,8.05035781860352,1009
-119.665,33.975,17.2812366485596,1010
-120.235,33.965,24.0779075622559,1011
-120.225,33.965,18.4096374511719,1012
-120.215,33.965,10.1080408096313,1013
-120.205,33.965,5.45765542984009,1014
-119.975,33.965,5.55049848556519,1015
-119.855,33.965,8.51438617706299,1016
-119.845,33.965,11.2288236618042,1017
-119.835,33.965,16.7282199859619,1018
-119.815,33.965,6.27577018737793,1019
-119.805,33.965,10.2182588577271,1020
-119.785,33.965,7.86449861526489,1021
-119.775,33.965,7.63524150848389,1022
-119.765,33.965,8.11434936523438,1023
-119.755,33.965,8.19866371154785,1024
-119.745,33.965,9.43007850646973,1025
-119.735,33.965,8.40281391143799,1026
-119.725,33.965,5.37680959701538,1027
-119.715,33.965,12.9324817657471,1028
-119.705,33.965,9.81839656829834,1029
-119.695,33.965,13.9596567153931,1030
-120.225,33.955,23.213228225708,1031
-120.215,33.955,16.9372253417969,1032
-120.205,33.955,10.0946989059448,1033
-120.195,33.955,3.33158850669861,1034
-119.975,33.955,5.26287364959717,1035
-119.965,33.955,9.60670375823975,1036
-119.845,33.955,17.8754444122314,1037
-119.835,33.955,22.6375312805176,1038
-119.825,33.955,10.7903995513916,1039
-119.815,33.955,13.4173812866211,1040
-119.805,33.955,16.5169620513916,1041
-119.785,33.955,9.22807216644287,1042
-119.775,33.955,8.88258075714111,1043
-119.765,33.955,15.0915498733521,1044
-119.755,33.955,16.8858661651611,1045
-119.745,33.955,17.1949005126953,1046
-119.725,33.955,10.7886657714844,1047
-119.715,33.955,15.3052444458008,1048
-120.215,33.945,20.8681983947754,1049
-120.205,33.945,15.5652675628662,1050
-120.195,33.945,10.3569507598877,1051
-119.995,33.945,8.7574462890625,1052
-119.985,33.945,9.40354442596436,1053
-119.975,33.945,6.31626796722412,1054
-119.965,33.945,9.39533233642578,1055
-119.825,33.945,12.978328704834,1056
-119.815,33.945,18.4523239135742,1057
-120.215,33.935,23.1294250488281,1058
-120.205,33.935,19.2654972076416,1059
-120.195,33.935,14.2426023483276,1060
-120.185,33.935,7.86569547653198,1061
-120.025,33.935,6.14755964279175,1062
-120.015,33.935,10.2398729324341,1063
-120.005,33.935,7.2884316444397,1064
-119.995,33.935,11.9428195953369,1065
-119.985,33.935,13.4155883789062,1066
-119.975,33.935,10.0797176361084,1067
-119.965,33.935,10.5279512405396,1068
-120.195,33.925,18.388744354248,1069
-120.185,33.925,11.7875843048096,1070
-120.175,33.925,4.35353374481201,1071
-120.045,33.925,2.46048378944397,1072
-120.035,33.925,9.19445610046387,1073
-120.025,33.925,10.6242265701294,1074
-120.015,33.925,15.508261680603,1075
-120.185,33.915,15.7936840057373,1076
-120.175,33.915,13.3006525039673,1077
-120.165,33.915,12.2967882156372,1078
-120.155,33.915,6.63655757904053,1079
-120.075,33.915,2.16029834747314,1080
-120.065,33.915,7.02578592300415,1081
-120.055,33.915,9.65901470184326,1082
-120.045,33.915,11.878625869751,1083
-120.035,33.915,14.4134855270386,1084
-120.025,33.915,18.0746631622314,1085
-120.165,33.905,19.3400554656982,1086
-120.155,33.905,14.0241088867188,1087
-120.145,33.905,11.1624841690063,1088
-120.135,33.905,9.18091011047363,1089
-120.105,33.905,9.34988403320312,1090
-120.095,33.905,11.4205360412598,1091
-120.085,33.905,10.1651840209961,1092
-120.075,33.905,10.1969585418701,1093
-120.065,33.905,12.833815574646,1094
-120.055,33.905,14.6972875595093,1095
-120.135,33.895,12.606575012207,1096
-120.125,33.895,11.8499097824097,1097
-120.115,33.895,11.8778076171875,1098
-120.105,33.895,14.3192262649536,1099
-120.095,33.895,18.9763240814209,1100
-118.395,33.815,7.84458875656128,1101
-118.405,33.805,10.286229133606,1102
-118.395,33.805,4.74921703338623,1103
-118.425,33.795,15.4057836532593,1104
-118.415,33.795,8.10090351104736,1105
-118.405,33.795,5.65288925170898,1106
-118.435,33.785,15.9767723083496,1107
-118.425,33.785,10.7621555328369,1108
-118.415,33.785,4.76529979705811,1109
-118.435,33.775,12.2535171508789,1110
-118.425,33.775,6.18240165710449,1111
-118.435,33.765,16.8217830657959,1112
-118.425,33.765,9.34054470062256,1113
-118.415,33.765,5.00838327407837,1114
-118.425,33.755,13.0685930252075,1115
-118.415,33.755,9.01670074462891,1116
-118.415,33.745,9.33867835998535,1117
-118.405,33.745,6.35610151290894,1118
-118.385,33.745,3.38150358200073,1119
-118.415,33.735,10.8843421936035,1120
-118.405,33.735,9.60065746307373,1121
-118.395,33.735,8.31103897094727,1122
-118.385,33.735,6.81186532974243,1123
-118.375,33.735,7.98690319061279,1124
-118.365,33.735,4.91088104248047,1125
-118.355,33.735,9.53849029541016,1126
-118.355,33.725,7.99245834350586,1127
-118.345,33.725,7.88950729370117,1128
-118.335,33.725,5.74598217010498,1129
-118.345,33.715,15.0332860946655,1130
-118.335,33.715,9.84278869628906,1131
-118.325,33.715,9.34298992156982,1132
-118.315,33.715,7.2821192741394,1133
-118.305,33.715,4.22562837600708,1134
-118.315,33.705,11.9267702102661,1135
-118.305,33.705,9.25741672515869,1136
-118.295,33.705,8.25956630706787,1137
-118.285,33.705,6.13405895233154,1138
-118.145,33.595,9.66137790679932,1139
-117.875,33.595,4.60784816741943,1140
-118.125,33.585,9.66137790679932,1141
-117.875,33.585,6.41166543960571,1142
-117.865,33.585,6.55487060546875,1143
-117.855,33.575,10.0225553512573,1144
-117.845,33.575,8.06820678710938,1145
-118.115,33.565,9.66137790679932,1146
-117.835,33.565,11.8016691207886,1147
-117.825,33.565,8.43531608581543,1148
-117.805,33.545,9.41969871520996,1149
-117.795,33.545,8.85802364349365,1150
-117.785,33.545,7.61296558380127,1151
-117.795,33.535,14.2471952438354,1152
-117.785,33.535,11.9484481811523,1153
-117.775,33.535,6.47704219818115,1154
-117.785,33.525,14.955620765686,1155
-117.775,33.525,8.91784000396729,1156
-117.765,33.525,7.31871557235718,1157
-119.065,33.495,20.0746612548828,1158
-119.055,33.495,16.5595531463623,1159
-119.045,33.495,19.0078754425049,1160
-117.745,33.495,14.3446321487427,1161
-119.065,33.485,14.0331258773804,1162
-119.055,33.485,14.1812477111816,1163
-119.045,33.485,11.4976463317871,1164
-119.035,33.485,6.60020589828491,1165
-119.025,33.485,16.7674293518066,1166
-119.015,33.485,18.5288352966309,1167
-117.735,33.485,7.3006763458252,1168
-117.725,33.485,8.31958389282227,1169
-119.065,33.475,17.5033416748047,1170
-119.055,33.475,9.91203880310059,1171
-119.045,33.475,8.40619087219238,1172
-119.025,33.475,8.47022819519043,1173
-118.605,33.475,14.1948823928833,1174
-118.595,33.475,15.1830720901489,1175
-118.585,33.475,14.4984426498413,1176
-118.575,33.475,14.3063039779663,1177
-118.565,33.475,11.8073348999023,1178
-118.555,33.475,12.7787075042725,1179
-118.545,33.475,14.2748031616211,1180
-118.535,33.475,11.8200798034668,1181
-117.735,33.475,14.7367706298828,1182
-117.725,33.475,11.0736474990845,1183
-119.055,33.465,15.9298906326294,1184
-119.045,33.465,10.8058605194092,1185
-119.035,33.465,9.65484619140625,1186
-119.025,33.465,12.739691734314,1187
-118.605,33.465,15.1774969100952,1188
-118.595,33.465,9.4156494140625,1189
-118.585,33.465,5.6503381729126,1190
-118.525,33.465,9.13599586486816,1191
-118.515,33.465,14.1071920394897,1192
-118.505,33.465,16.8254928588867,1193
-118.495,33.465,21.1762771606445,1194
-117.725,33.465,13.8680334091187,1195
-117.715,33.465,10.1164512634277,1196
-119.035,33.455,17.9276714324951,1197
-119.025,33.455,19.7498302459717,1198
-118.585,33.455,8.07292079925537,1199
-118.515,33.455,13.2640037536621,1200
-118.505,33.455,15.6631097793579,1201
-118.485,33.455,13.6039800643921,1202
-117.725,33.455,14.1040086746216,1203
-117.715,33.455,10.6159906387329,1204
-118.575,33.445,14.4988641738892,1205
-118.495,33.445,8.80438041687012,1206
-118.485,33.445,10.8578596115112,1207
-118.475,33.445,14.1034288406372,1208
-118.465,33.445,15.8587703704834,1209
-117.675,33.445,8.65911197662354,1210
-118.575,33.435,19.7844905853271,1211
-118.565,33.435,17.5797901153564,1212
-118.555,33.435,17.0600719451904,1213
-118.545,33.435,17.0375270843506,1214
-118.535,33.435,6.92729997634888,1215
-118.525,33.435,9.96816444396973,1216
-118.455,33.435,10.5277719497681,1217
-118.445,33.435,9.57357311248779,1218
-117.655,33.435,12.049729347229,1219
-118.535,33.425,17.4780464172363,1220
-118.525,33.425,14.4452123641968,1221
-118.515,33.425,16.8957939147949,1222
-118.505,33.425,10.9459848403931,1223
-118.495,33.425,10.9377164840698,1224
-118.445,33.425,5.11332130432129,1225
-118.415,33.425,7.88667964935303,1226
-118.405,33.425,7.61312770843506,1227
-117.655,33.425,12.0070772171021,1228
-117.645,33.425,12.3024978637695,1229
-117.635,33.425,8.08934020996094,1230
-117.625,33.425,7.53764152526855,1231
-118.485,33.415,9.24361038208008,1232
-117.635,33.415,13.7501287460327,1233
-117.625,33.415,10.3766107559204,1234
-118.485,33.405,13.1881494522095,1235
-118.365,33.405,8.62284183502197,1236
-117.635,33.405,13.8043842315674,1237
-117.625,33.405,13.566463470459,1238
-117.615,33.405,11.9033050537109,1239
-117.605,33.405,9.72504043579102,1240
-118.485,33.395,15.36510181427,1241
-118.365,33.395,9.76624870300293,1242
-117.625,33.395,14.3755493164062,1243
-117.615,33.395,13.7415504455566,1244
-117.605,33.395,11.8225946426392,1245
-118.485,33.385,16.1856346130371,1246
-118.475,33.385,12.4182996749878,1247
-118.365,33.385,7.86339855194092,1248
-118.355,33.385,7.79448318481445,1249
-117.615,33.385,14.4584836959839,1250
-117.605,33.385,11.7872667312622,1251
-117.595,33.385,9.58120822906494,1252
-118.485,33.375,15.2727556228638,1253
-117.605,33.375,13.3127813339233,1254
-117.595,33.375,12.2813119888306,1255
-118.485,33.365,14.3333473205566,1256
-117.585,33.365,13.3474035263062,1257
-117.575,33.365,10.5167741775513,1258
-118.485,33.355,14.4959421157837,1259
-118.335,33.355,14.2053737640381,1260
-118.325,33.355,13.5070905685425,1261
-117.575,33.355,12.9458379745483,1262
-117.565,33.355,11.4182071685791,1263
-117.555,33.355,10.3098983764648,1264
-118.485,33.345,11.0894842147827,1265
-118.325,33.345,17.0357036590576,1266
-117.575,33.345,16.1050891876221,1267
-117.565,33.345,13.49587059021,1268
-117.555,33.345,12.2867050170898,1269
-117.545,33.345,10.6800022125244,1270
-118.475,33.335,11.4514932632446,1271
-118.465,33.335,8.57718372344971,1272
-117.555,33.335,13.7143402099609,1273
-118.475,33.325,15.0921964645386,1274
-118.465,33.325,10.8358478546143,1275
-118.455,33.325,10.6472759246826,1276
-118.445,33.325,4.18150806427002,1277
-118.305,33.325,12.0527019500732,1278
-118.455,33.315,13.9787721633911,1279
-118.445,33.315,11.4551477432251,1280
-118.435,33.315,9.42551422119141,1281
-118.425,33.315,10.0645036697388,1282
-118.415,33.315,13.4788436889648,1283
-118.405,33.315,8.78091812133789,1284
-118.375,33.315,6.73839664459229,1285
-118.365,33.315,6.34599733352661,1286
-118.355,33.315,8.41855716705322,1287
-118.305,33.315,15.9384098052979,1288
-117.505,33.315,9.98745918273926,1289
-117.495,33.315,9.95909786224365,1290
-118.355,33.305,13.37327003479,1291
-118.345,33.305,9.39313125610352,1292
-118.315,33.305,6.17506885528564,1293
-117.505,33.305,14.251030921936,1294
-117.495,33.305,12.4486923217773,1295
-119.585,33.295,24.1888961791992,1296
-119.575,33.295,23.3344078063965,1297
-119.565,33.295,21.6435317993164,1298
-119.555,33.295,18.7591934204102,1299
-119.545,33.295,18.1543560028076,1300
-119.535,33.295,16.2561206817627,1301
-119.525,33.295,18.5971488952637,1302
-119.515,33.295,26.1557998657227,1303
-118.325,33.295,6.47668552398682,1304
-117.505,33.295,15.4268589019775,1305
-117.495,33.295,13.3602304458618,1306
-117.485,33.295,11.9088096618652,1307
-119.625,33.285,25.6149806976318,1308
-119.615,33.285,22.8149566650391,1309
-119.605,33.285,19.8158950805664,1310
-119.595,33.285,21.124626159668,1311
-119.585,33.285,19.349235534668,1312
-119.575,33.285,19.0553760528564,1313
-119.565,33.285,20.0489368438721,1314
-119.555,33.285,13.840521812439,1315
-119.545,33.285,10.648736000061,1316
-119.535,33.285,7.33982610702515,1317
-119.525,33.285,10.2278528213501,1318
-119.515,33.285,18.473726272583,1319
-119.505,33.285,20.759033203125,1320
-119.495,33.285,20.6589946746826,1321
-119.485,33.285,22.5236072540283,1322
-117.505,33.285,16.3560371398926,1323
-117.495,33.285,14.3600587844849,1324
-117.485,33.285,13.1991510391235,1325
-117.475,33.285,8.40160751342773,1326
-119.625,33.275,21.3957557678223,1327
-119.615,33.275,20.3379440307617,1328
-119.605,33.275,13.8038682937622,1329
-119.595,33.275,13.3877220153809,1330
-119.585,33.275,18.2070293426514,1331
-119.575,33.275,11.0839376449585,1332
-119.565,33.275,11.3441524505615,1333
-119.555,33.275,9.32647323608398,1334
-119.515,33.275,8.18764305114746,1335
-119.505,33.275,11.2151365280151,1336
-119.495,33.275,12.9282941818237,1337
-119.485,33.275,14.1442642211914,1338
-119.475,33.275,17.1281223297119,1339
-119.465,33.275,18.74609375,1340
-117.475,33.275,12.4075632095337,1341
-119.625,33.265,19.8569984436035,1342
-119.615,33.265,19.9151268005371,1343
-119.605,33.265,17.7237548828125,1344
-119.595,33.265,15.6061677932739,1345
-119.585,33.265,16.2344093322754,1346
-119.575,33.265,11.9738054275513,1347
-119.495,33.265,6.06401014328003,1348
-119.485,33.265,6.27466487884521,1349
-119.475,33.265,8.92708301544189,1350
-119.465,33.265,10.9184656143188,1351
-119.455,33.265,10.497784614563,1352
-119.605,33.255,21.994592666626,1353
-119.595,33.255,19.4388828277588,1354
-119.585,33.255,14.2163105010986,1355
-119.575,33.255,8.37956523895264,1356
-119.565,33.255,4.85474014282227,1357
-119.465,33.255,5.70464420318604,1358
-119.455,33.255,8.81539726257324,1359
-119.595,33.245,18.4005088806152,1360
-119.585,33.245,16.5923309326172,1361
-119.575,33.245,11.6768999099731,1362
-119.565,33.245,8.12279891967773,1363
-119.555,33.245,7.67458820343018,1364
-119.555,33.235,10.1566886901855,1365
-119.545,33.235,9.492995262146,1366
-119.535,33.235,7.09800148010254,1367
-119.545,33.225,14.6184253692627,1368
-119.535,33.225,11.600606918335,1369
-119.525,33.225,8.36844253540039,1370
-119.515,33.225,8.8336935043335,1371
-119.505,33.225,6.49916315078735,1372
-119.435,33.225,7.74678707122803,1373
-119.415,33.225,12.3885793685913,1374
-119.405,33.225,13.768744468689,1375
-119.395,33.225,15.685941696167,1376
-119.505,33.215,10.5666904449463,1377
-119.495,33.215,8.54702568054199,1378
-119.485,33.215,10.3560028076172,1379
-119.475,33.215,9.58438301086426,1380
-119.465,33.215,10.681173324585,1381
-119.455,33.215,9.51526069641113,1382
-119.445,33.215,13.2604866027832,1383
-119.435,33.215,11.6739826202393,1384
-119.445,33.205,22.3928298950195,1385
-117.365,33.165,10.5761814117432,1386
-117.365,33.155,11.5209617614746,1387
-117.355,33.155,9.31278133392334,1388
-117.355,33.145,11.3987970352173,1389
-117.345,33.145,8.19822692871094,1390
-117.345,33.135,10.416729927063,1391
-117.345,33.125,13.7446308135986,1392
-117.335,33.125,10.9325675964355,1393
-117.335,33.115,12.3586378097534,1394
-117.325,33.105,12.5087623596191,1395
-117.325,33.095,13.2245082855225,1396
-117.325,33.085,17.48366355896,1397
-117.315,33.085,12.9239492416382,1398
-117.325,33.075,17.8758296966553,1399
-117.315,33.075,13.9141578674316,1400
-117.315,33.065,13.4443340301514,1401
-117.305,33.065,7.11435985565186,1402
-117.315,33.055,17.1611595153809,1403
-117.305,33.055,11.1101312637329,1404
-118.595,33.045,17.5241966247559,1405
-118.585,33.045,15.8544416427612,1406
-117.305,33.045,10.7314758300781,1407
-118.625,33.035,25.7178688049316,1408
-118.615,33.035,15.9474821090698,1409
-118.605,33.035,13.0916080474854,1410
-118.595,33.035,10.8685817718506,1411
-118.585,33.035,10.3650150299072,1412
-118.575,33.035,13.4702234268188,1413
-117.305,33.035,13.3830184936523,1414
-117.295,33.035,9.7833309173584,1415
-118.615,33.025,21.5706386566162,1416
-118.605,33.025,10.7222261428833,1417
-118.565,33.025,10.6002492904663,1418
-117.295,33.025,12.8846683502197,1419
-117.285,33.025,8.47171688079834,1420
-118.615,33.015,20.3993816375732,1421
-118.605,33.015,14.6495361328125,1422
-118.595,33.015,10.1261405944824,1423
-118.585,33.015,3.6650242805481,1424
-118.565,33.015,12.3914022445679,1425
-117.295,33.015,15.1961851119995,1426
-117.285,33.015,11.299765586853,1427
-118.615,33.005,22.6949577331543,1428
-118.595,33.005,18.8548259735107,1429
-118.585,33.005,11.6609563827515,1430
-118.565,33.005,9.6928596496582,1431
-118.555,33.005,13.507025718689,1432
-118.545,33.005,13.5261278152466,1433
-117.285,33.005,12.1253995895386,1434
-118.595,32.995,26.6900024414062,1435
-118.585,32.995,15.8891525268555,1436
-118.545,32.995,12.495135307312,1437
-117.295,32.995,18.8098926544189,1438
-117.285,32.995,13.1621971130371,1439
-118.585,32.985,17.5063915252686,1440
-118.575,32.985,6.7009482383728,1441
-118.545,32.985,13.1255044937134,1442
-118.535,32.985,18.6455230712891,1443
-117.285,32.985,12.8338222503662,1444
-117.275,32.985,8.87737846374512,1445
-118.585,32.975,20.2991313934326,1446
-118.575,32.975,10.0200080871582,1447
-118.535,32.975,14.6905164718628,1448
-118.525,32.975,15.4382171630859,1449
-117.275,32.975,9.00562000274658,1450
-118.585,32.965,24.3262119293213,1451
-118.575,32.965,17.2862091064453,1452
-118.565,32.965,9.12836170196533,1453
-118.525,32.965,11.254222869873,1454
-118.515,32.965,10.9568309783936,1455
-117.275,32.965,13.6427841186523,1456
-118.575,32.955,24.2841644287109,1457
-118.565,32.955,16.4460353851318,1458
-118.555,32.955,8.44654560089111,1459
-118.515,32.955,11.9165925979614,1460
-117.275,32.955,13.8288507461548,1461
-118.565,32.945,23.4206466674805,1462
-118.555,32.945,14.2560472488403,1463
-118.505,32.945,10.7245988845825,1464
-117.275,32.945,11.1995029449463,1465
-117.265,32.945,9.05502605438232,1466
-118.555,32.935,17.5214881896973,1467
-118.545,32.935,6.19470262527466,1468
-118.495,32.935,12.2179079055786,1469
-118.555,32.925,21.2493648529053,1470
-118.545,32.925,11.6436624526978,1471
-118.485,32.925,16.8491134643555,1472
-118.475,32.925,20.2874317169189,1473
-117.265,32.925,8.60137462615967,1474
-118.555,32.915,21.4111442565918,1475
-118.545,32.915,13.9491415023804,1476
-118.545,32.905,18.7018775939941,1477
-118.535,32.905,7.10276365280151,1478
-118.455,32.905,11.3143672943115,1479
-118.535,32.895,22.3878269195557,1480
-118.525,32.895,14.3777236938477,1481
-118.525,32.885,15.6226863861084,1482
-118.515,32.885,9.00257205963135,1483
-118.525,32.875,23.7162036895752,1484
-118.515,32.875,15.5014953613281,1485
-118.505,32.875,4.8395357131958,1486
-118.515,32.865,23.2411212921143,1487
-118.505,32.865,13.6733770370483,1488
-118.505,32.855,18.2896175384521,1489
-118.495,32.855,5.67540264129639,1490
-117.295,32.855,20.4095649719238,1491
-117.285,32.855,16.7574405670166,1492
-117.275,32.855,12.3322629928589,1493
-117.265,32.855,7.04761934280396,1494
-118.505,32.845,23.879243850708,1495
-118.495,32.845,16.6268291473389,1496
-118.485,32.845,12.9355421066284,1497
-118.475,32.845,7.85825300216675,1498
-118.375,32.845,8.24577140808105,1499
-117.305,32.845,22.7731857299805,1500
-117.295,32.845,17.99440574646,1501
-117.285,32.845,13.671272277832,1502
-118.495,32.835,24.8187618255615,1503
-118.485,32.835,23.614236831665,1504
-118.475,32.835,16.3246021270752,1505
-118.465,32.835,12.652232170105,1506
-118.365,32.835,5.07047128677368,1507
-117.305,32.835,22.5983104705811,1508
-117.295,32.835,18.3859119415283,1509
-117.285,32.835,12.2366647720337,1510
-118.465,32.825,20.7541103363037,1511
-118.455,32.825,15.2320127487183,1512
-118.395,32.825,8.86445713043213,1513
-118.385,32.825,15.0323648452759,1514
-118.375,32.825,12.1040048599243,1515
-118.355,32.825,5.21575307846069,1516
-118.345,32.825,7.3800802230835,1517
-117.295,32.825,19.3883972167969,1518
-117.285,32.825,12.4713516235352,1519
-118.455,32.815,21.3025150299072,1520
-118.445,32.815,13.9053058624268,1521
-118.435,32.815,11.2538347244263,1522
-118.405,32.815,11.6038846969604,1523
-118.395,32.815,11.0643148422241,1524
-118.385,32.815,18.1865253448486,1525
-118.375,32.815,15.5863409042358,1526
-118.365,32.815,13.1052093505859,1527
-118.355,32.815,17.4330558776855,1528
-118.345,32.815,17.8347358703613,1529
-117.295,32.815,20.6852836608887,1530
-117.285,32.815,13.1809329986572,1531
-117.275,32.815,7.69999694824219,1532
-118.445,32.805,23.7286720275879,1533
-118.435,32.805,17.3354072570801,1534
-118.425,32.805,4.02200078964233,1535
-118.415,32.805,14.4602575302124,1536
-118.405,32.805,15.0783090591431,1537
-117.295,32.805,21.4457950592041,1538
-117.285,32.805,16.459135055542,1539
-117.275,32.805,12.0777082443237,1540
-118.435,32.795,23.5735549926758,1541
-118.425,32.795,18.2785968780518,1542
-118.415,32.795,20.9669361114502,1543
-117.275,32.745,18.5937232971191,1544
-117.265,32.745,11.7602634429932,1545
-117.275,32.735,18.5192623138428,1546
-117.265,32.735,11.8958549499512,1547
-117.255,32.735,4.70938968658447,1548
-117.275,32.725,18.8241958618164,1549
-117.265,32.725,11.2635259628296,1550
-117.275,32.715,17.9000568389893,1551
-117.265,32.715,12.4609746932983,1552
-117.275,32.705,18.9799480438232,1553
-117.265,32.705,12.5596399307251,1554
-117.275,32.695,18.8569450378418,1555
-117.265,32.695,11.4659557342529,1556
-117.275,32.685,22.5417747497559,1557
-117.265,32.685,13.1822357177734,1558
-117.255,32.685,9.21680927276611,1559
-117.265,32.675,15.3439235687256,1560
-117.255,32.675,10.580940246582,1561
-117.265,32.665,16.9174327850342,1562
-117.255,32.665,12.9966144561768,1563
-117.245,32.665,8.01365184783936,1564
-117.235,32.665,6.56226062774658,1565
-117.265,32.655,17.0316524505615,1566
-117.255,32.655,16.8624439239502,1567
-117.245,32.655,11.6610660552979,1568
-117.235,32.655,10.8784513473511,1569
-117.265,32.645,20.098051071167,1570
-117.245,32.645,14.8059148788452,1571
-117.235,32.645,11.6601133346558,1572
-117.245,32.635,18.3656177520752,1573
-117.165,32.585,15.13365650177,1574
-117.155,32.585,14.8759880065918,1575
-117.145,32.585,14.6426048278809,1576
-117.175,32.575,19.2012367248535,1577
-117.165,32.575,15.2899198532104,1578
-117.155,32.575,13.5148983001709,1579
-117.145,32.575,9.85611057281494,1580
-117.165,32.565,14.6509246826172,1581
-117.155,32.565,13.169303894043,1582
-117.145,32.565,9.99344062805176,1583
-117.165,32.555,17.6570434570312,1584
-117.155,32.555,15.1793231964111,1585
-117.145,32.555,13.3831119537354,1586
